bought_id,product_name,buy_date,buy_price,expiration_date
1,banana,2022-09-01,0.25,2022-09-08
2,banana,2022-09-01,0.25,2022-09-08
3,banana,2022-09-01,0.25,2022-09-08
4,banana,2022-09-01,0.25,2022-09-08
5,banana,2022-09-01,0.25,2022-09-08
6,banana,2022-09-01,0.25,2022-09-08
7,banana,2022-09-01,0.25,2022-09-08
8,banana,2022-09-01,0.25,2022-09-08
9,banana,2022-09-01,0.25,2022-09-08
10,banana,2022-09-01,0.25,2022-09-08
11,banana,2022-09-01,0.25,2022-09-08
12,banana,2022-09-01,0.25,2022-09-08
13,banana,2022-09-01,0.25,2022-09-08
14,banana,2022-09-01,0.25,2022-09-08
15,banana,2022-09-01,0.25,2022-09-08
16,banana,2022-09-01,0.25,2022-09-08
17,banana,2022-09-01,0.25,2022-09-08
18,banana,2022-09-01,0.25,2022-09-08
19,banana,2022-09-01,0.25,2022-09-08
20,banana,2022-09-01,0.25,2022-09-08
21,banana,2022-09-01,0.25,2022-09-08
22,banana,2022-09-01,0.25,2022-09-08
23,banana,2022-09-01,0.25,2022-09-08
24,banana,2022-09-01,0.25,2022-09-08
25,banana,2022-09-01,0.25,2022-09-08
26,banana,2022-09-01,0.25,2022-09-08
27,banana,2022-09-01,0.25,2022-09-08
28,banana,2022-09-01,0.25,2022-09-08
29,banana,2022-09-01,0.25,2022-09-08
30,banana,2022-09-01,0.25,2022-09-08
31,banana,2022-09-01,0.25,2022-09-08
32,banana,2022-09-01,0.25,2022-09-08
33,banana,2022-09-01,0.25,2022-09-08
34,banana,2022-09-01,0.25,2022-09-08
35,banana,2022-09-01,0.25,2022-09-08
36,banana,2022-09-01,0.25,2022-09-08
37,banana,2022-09-01,0.25,2022-09-08
38,banana,2022-09-01,0.25,2022-09-08
39,banana,2022-09-01,0.25,2022-09-08
40,banana,2022-09-01,0.25,2022-09-08
41,banana,2022-09-01,0.25,2022-09-08
42,banana,2022-09-01,0.25,2022-09-08
43,banana,2022-09-01,0.25,2022-09-08
44,banana,2022-09-01,0.25,2022-09-08
45,banana,2022-09-01,0.25,2022-09-08
46,banana,2022-09-01,0.25,2022-09-08
47,banana,2022-09-01,0.25,2022-09-08
48,banana,2022-09-01,0.25,2022-09-08
49,banana,2022-09-01,0.25,2022-09-08
50,banana,2022-09-01,0.25,2022-09-08
51,tomato,2022-09-01,0.2,2022-09-08
52,tomato,2022-09-01,0.2,2022-09-08
53,tomato,2022-09-01,0.2,2022-09-08
54,tomato,2022-09-01,0.2,2022-09-08
55,tomato,2022-09-01,0.2,2022-09-08
56,tomato,2022-09-01,0.2,2022-09-08
57,tomato,2022-09-01,0.2,2022-09-08
58,tomato,2022-09-01,0.2,2022-09-08
59,tomato,2022-09-01,0.2,2022-09-08
60,tomato,2022-09-01,0.2,2022-09-08
61,tomato,2022-09-01,0.2,2022-09-08
62,tomato,2022-09-01,0.2,2022-09-08
63,tomato,2022-09-01,0.2,2022-09-08
64,tomato,2022-09-01,0.2,2022-09-08
65,tomato,2022-09-01,0.2,2022-09-08
66,tomato,2022-09-01,0.2,2022-09-08
67,tomato,2022-09-01,0.2,2022-09-08
68,tomato,2022-09-01,0.2,2022-09-08
69,tomato,2022-09-01,0.2,2022-09-08
70,tomato,2022-09-01,0.2,2022-09-08
71,tomato,2022-09-01,0.2,2022-09-08
72,tomato,2022-09-01,0.2,2022-09-08
73,tomato,2022-09-01,0.2,2022-09-08
74,tomato,2022-09-01,0.2,2022-09-08
75,tomato,2022-09-01,0.2,2022-09-08
76,tomato,2022-09-01,0.2,2022-09-08
77,tomato,2022-09-01,0.2,2022-09-08
78,tomato,2022-09-01,0.2,2022-09-08
79,tomato,2022-09-01,0.2,2022-09-08
80,tomato,2022-09-01,0.2,2022-09-08
81,tomato,2022-09-01,0.2,2022-09-08
82,tomato,2022-09-01,0.2,2022-09-08
83,tomato,2022-09-01,0.2,2022-09-08
84,tomato,2022-09-01,0.2,2022-09-08
85,tomato,2022-09-01,0.2,2022-09-08
86,tomato,2022-09-01,0.2,2022-09-08
87,tomato,2022-09-01,0.2,2022-09-08
88,tomato,2022-09-01,0.2,2022-09-08
89,tomato,2022-09-01,0.2,2022-09-08
90,tomato,2022-09-01,0.2,2022-09-08
91,tomato,2022-09-01,0.2,2022-09-08
92,tomato,2022-09-01,0.2,2022-09-08
93,tomato,2022-09-01,0.2,2022-09-08
94,tomato,2022-09-01,0.2,2022-09-08
95,tomato,2022-09-01,0.2,2022-09-08
96,tomato,2022-09-01,0.2,2022-09-08
97,tomato,2022-09-01,0.2,2022-09-08
98,tomato,2022-09-01,0.2,2022-09-08
99,tomato,2022-09-01,0.2,2022-09-08
100,tomato,2022-09-01,0.2,2022-09-08
101,tomato,2022-09-01,0.2,2022-09-08
102,tomato,2022-09-01,0.2,2022-09-08
103,tomato,2022-09-01,0.2,2022-09-08
104,tomato,2022-09-01,0.2,2022-09-08
105,tomato,2022-09-01,0.2,2022-09-08
106,tomato,2022-09-01,0.2,2022-09-08
107,tomato,2022-09-01,0.2,2022-09-08
108,tomato,2022-09-01,0.2,2022-09-08
109,tomato,2022-09-01,0.2,2022-09-08
110,tomato,2022-09-01,0.2,2022-09-08
111,tomato,2022-09-01,0.2,2022-09-08
112,tomato,2022-09-01,0.2,2022-09-08
113,tomato,2022-09-01,0.2,2022-09-08
114,tomato,2022-09-01,0.2,2022-09-08
115,tomato,2022-09-01,0.2,2022-09-08
116,tomato,2022-09-01,0.2,2022-09-08
117,tomato,2022-09-01,0.2,2022-09-08
118,tomato,2022-09-01,0.2,2022-09-08
119,tomato,2022-09-01,0.2,2022-09-08
120,tomato,2022-09-01,0.2,2022-09-08
121,tomato,2022-09-01,0.2,2022-09-08
122,tomato,2022-09-01,0.2,2022-09-08
123,tomato,2022-09-01,0.2,2022-09-08
124,tomato,2022-09-01,0.2,2022-09-08
125,tomato,2022-09-01,0.2,2022-09-08
126,tomato,2022-09-01,0.2,2022-09-08
127,tomato,2022-09-01,0.2,2022-09-08
128,tomato,2022-09-01,0.2,2022-09-08
129,tomato,2022-09-01,0.2,2022-09-08
130,tomato,2022-09-01,0.2,2022-09-08
131,tomato,2022-09-01,0.2,2022-09-08
132,tomato,2022-09-01,0.2,2022-09-08
133,tomato,2022-09-01,0.2,2022-09-08
134,tomato,2022-09-01,0.2,2022-09-08
135,tomato,2022-09-01,0.2,2022-09-08
136,tomato,2022-09-01,0.2,2022-09-08
137,tomato,2022-09-01,0.2,2022-09-08
138,tomato,2022-09-01,0.2,2022-09-08
139,tomato,2022-09-01,0.2,2022-09-08
140,tomato,2022-09-01,0.2,2022-09-08
141,tomato,2022-09-01,0.2,2022-09-08
142,tomato,2022-09-01,0.2,2022-09-08
143,tomato,2022-09-01,0.2,2022-09-08
144,tomato,2022-09-01,0.2,2022-09-08
145,tomato,2022-09-01,0.2,2022-09-08
146,tomato,2022-09-01,0.2,2022-09-08
147,tomato,2022-09-01,0.2,2022-09-08
148,tomato,2022-09-01,0.2,2022-09-08
149,tomato,2022-09-01,0.2,2022-09-08
150,tomato,2022-09-01,0.2,2022-09-08
151,cookie,2022-09-01,0.5,2022-10-01
152,cookie,2022-09-01,0.5,2022-10-01
153,cookie,2022-09-01,0.5,2022-10-01
154,cookie,2022-09-01,0.5,2022-10-01
155,cookie,2022-09-01,0.5,2022-10-01
156,cookie,2022-09-01,0.5,2022-10-01
157,cookie,2022-09-01,0.5,2022-10-01
158,cookie,2022-09-01,0.5,2022-10-01
159,cookie,2022-09-01,0.5,2022-10-01
160,cookie,2022-09-01,0.5,2022-10-01
161,cookie,2022-09-01,0.5,2022-10-01
162,cookie,2022-09-01,0.5,2022-10-01
163,cookie,2022-09-01,0.5,2022-10-01
164,cookie,2022-09-01,0.5,2022-10-01
165,cookie,2022-09-01,0.5,2022-10-01
166,cookie,2022-09-01,0.5,2022-10-01
167,cookie,2022-09-01,0.5,2022-10-01
168,cookie,2022-09-01,0.5,2022-10-01
169,cookie,2022-09-01,0.5,2022-10-01
170,cookie,2022-09-01,0.5,2022-10-01
171,cookie,2022-09-01,0.5,2022-10-01
172,cookie,2022-09-01,0.5,2022-10-01
173,cookie,2022-09-01,0.5,2022-10-01
174,cookie,2022-09-01,0.5,2022-10-01
175,cookie,2022-09-01,0.5,2022-10-01
176,cookie,2022-09-01,0.5,2022-10-01
177,cookie,2022-09-01,0.5,2022-10-01
178,cookie,2022-09-01,0.5,2022-10-01
179,cookie,2022-09-01,0.5,2022-10-01
180,cookie,2022-09-01,0.5,2022-10-01
181,cookie,2022-09-01,0.5,2022-10-01
182,cookie,2022-09-01,0.5,2022-10-01
183,cookie,2022-09-01,0.5,2022-10-01
184,cookie,2022-09-01,0.5,2022-10-01
185,cookie,2022-09-01,0.5,2022-10-01
186,cookie,2022-09-01,0.5,2022-10-01
187,cookie,2022-09-01,0.5,2022-10-01
188,cookie,2022-09-01,0.5,2022-10-01
189,cookie,2022-09-01,0.5,2022-10-01
190,cookie,2022-09-01,0.5,2022-10-01
191,cookie,2022-09-01,0.5,2022-10-01
192,cookie,2022-09-01,0.5,2022-10-01
193,cookie,2022-09-01,0.5,2022-10-01
194,cookie,2022-09-01,0.5,2022-10-01
195,cookie,2022-09-01,0.5,2022-10-01
196,cookie,2022-09-01,0.5,2022-10-01
197,cookie,2022-09-01,0.5,2022-10-01
198,cookie,2022-09-01,0.5,2022-10-01
199,cookie,2022-09-01,0.5,2022-10-01
200,cookie,2022-09-01,0.5,2022-10-01
201,cookie,2022-09-01,0.5,2022-10-01
202,cookie,2022-09-01,0.5,2022-10-01
203,cookie,2022-09-01,0.5,2022-10-01
204,cookie,2022-09-01,0.5,2022-10-01
205,cookie,2022-09-01,0.5,2022-10-01
206,cookie,2022-09-01,0.5,2022-10-01
207,cookie,2022-09-01,0.5,2022-10-01
208,cookie,2022-09-01,0.5,2022-10-01
209,cookie,2022-09-01,0.5,2022-10-01
210,cookie,2022-09-01,0.5,2022-10-01
211,cookie,2022-09-01,0.5,2022-10-01
212,cookie,2022-09-01,0.5,2022-10-01
213,cookie,2022-09-01,0.5,2022-10-01
214,cookie,2022-09-01,0.5,2022-10-01
215,cookie,2022-09-01,0.5,2022-10-01
216,cookie,2022-09-01,0.5,2022-10-01
217,cookie,2022-09-01,0.5,2022-10-01
218,cookie,2022-09-01,0.5,2022-10-01
219,cookie,2022-09-01,0.5,2022-10-01
220,cookie,2022-09-01,0.5,2022-10-01
221,cookie,2022-09-01,0.5,2022-10-01
222,cookie,2022-09-01,0.5,2022-10-01
223,cookie,2022-09-01,0.5,2022-10-01
224,cookie,2022-09-01,0.5,2022-10-01
225,cookie,2022-09-01,0.5,2022-10-01
226,cookie,2022-09-01,0.5,2022-10-01
227,cookie,2022-09-01,0.5,2022-10-01
228,cookie,2022-09-01,0.5,2022-10-01
229,cookie,2022-09-01,0.5,2022-10-01
230,cookie,2022-09-01,0.5,2022-10-01
231,cookie,2022-09-01,0.5,2022-10-01
232,cookie,2022-09-01,0.5,2022-10-01
233,cookie,2022-09-01,0.5,2022-10-01
234,cookie,2022-09-01,0.5,2022-10-01
235,cookie,2022-09-01,0.5,2022-10-01
236,cookie,2022-09-01,0.5,2022-10-01
237,cookie,2022-09-01,0.5,2022-10-01
238,cookie,2022-09-01,0.5,2022-10-01
239,cookie,2022-09-01,0.5,2022-10-01
240,cookie,2022-09-01,0.5,2022-10-01
241,cookie,2022-09-01,0.5,2022-10-01
242,cookie,2022-09-01,0.5,2022-10-01
243,cookie,2022-09-01,0.5,2022-10-01
244,cookie,2022-09-01,0.5,2022-10-01
245,cookie,2022-09-01,0.5,2022-10-01
246,cookie,2022-09-01,0.5,2022-10-01
247,cookie,2022-09-01,0.5,2022-10-01
248,cookie,2022-09-01,0.5,2022-10-01
249,cookie,2022-09-01,0.5,2022-10-01
250,cookie,2022-09-01,0.5,2022-10-01
251,milk,2022-09-01,1.1,2022-09-14
252,milk,2022-09-01,1.1,2022-09-14
253,milk,2022-09-01,1.1,2022-09-14
254,milk,2022-09-01,1.1,2022-09-14
255,milk,2022-09-01,1.1,2022-09-14
256,milk,2022-09-01,1.1,2022-09-14
257,milk,2022-09-01,1.1,2022-09-14
258,milk,2022-09-01,1.1,2022-09-14
259,milk,2022-09-01,1.1,2022-09-14
260,milk,2022-09-01,1.1,2022-09-14
261,milk,2022-09-01,1.1,2022-09-14
262,milk,2022-09-01,1.1,2022-09-14
263,milk,2022-09-01,1.1,2022-09-14
264,milk,2022-09-01,1.1,2022-09-14
265,milk,2022-09-01,1.1,2022-09-14
266,milk,2022-09-01,1.1,2022-09-14
267,milk,2022-09-01,1.1,2022-09-14
268,milk,2022-09-01,1.1,2022-09-14
269,milk,2022-09-01,1.1,2022-09-14
270,milk,2022-09-01,1.1,2022-09-14
271,milk,2022-09-01,1.1,2022-09-14
272,milk,2022-09-01,1.1,2022-09-14
273,milk,2022-09-01,1.1,2022-09-14
274,milk,2022-09-01,1.1,2022-09-14
275,milk,2022-09-01,1.1,2022-09-14
276,milk,2022-09-01,1.1,2022-09-14
277,milk,2022-09-01,1.1,2022-09-14
278,milk,2022-09-01,1.1,2022-09-14
279,milk,2022-09-01,1.1,2022-09-14
280,milk,2022-09-01,1.1,2022-09-14
281,bread,2022-09-01,1.0,2022-09-14
282,bread,2022-09-01,1.0,2022-09-14
283,bread,2022-09-01,1.0,2022-09-14
284,bread,2022-09-01,1.0,2022-09-14
285,bread,2022-09-01,1.0,2022-09-14
286,bread,2022-09-01,1.0,2022-09-14
287,bread,2022-09-01,1.0,2022-09-14
288,bread,2022-09-01,1.0,2022-09-14
289,bread,2022-09-01,1.0,2022-09-14
290,bread,2022-09-01,1.0,2022-09-14
291,bread,2022-09-01,1.0,2022-09-14
292,bread,2022-09-01,1.0,2022-09-14
293,bread,2022-09-01,1.0,2022-09-14
294,bread,2022-09-01,1.0,2022-09-14
295,bread,2022-09-01,1.0,2022-09-14
296,bread,2022-09-01,1.0,2022-09-14
297,bread,2022-09-01,1.0,2022-09-14
298,bread,2022-09-01,1.0,2022-09-14
299,bread,2022-09-01,1.0,2022-09-14
300,bread,2022-09-01,1.0,2022-09-14
301,bread,2022-09-01,1.0,2022-09-14
302,bread,2022-09-01,1.0,2022-09-14
303,bread,2022-09-01,1.0,2022-09-14
304,bread,2022-09-01,1.0,2022-09-14
305,bread,2022-09-01,1.0,2022-09-14
306,bread,2022-09-01,1.0,2022-09-14
307,bread,2022-09-01,1.0,2022-09-14
308,bread,2022-09-01,1.0,2022-09-14
309,bread,2022-09-01,1.0,2022-09-14
310,bread,2022-09-01,1.0,2022-09-14
311,coffee,2022-09-01,2.0,2023-09-14
312,coffee,2022-09-01,2.0,2023-09-14
313,coffee,2022-09-01,2.0,2023-09-14
314,coffee,2022-09-01,2.0,2023-09-14
315,coffee,2022-09-01,2.0,2023-09-14
316,coffee,2022-09-01,2.0,2023-09-14
317,coffee,2022-09-01,2.0,2023-09-14
318,coffee,2022-09-01,2.0,2023-09-14
319,coffee,2022-09-01,2.0,2023-09-14
320,coffee,2022-09-01,2.0,2023-09-14
321,coffee,2022-09-01,2.0,2023-09-14
322,coffee,2022-09-01,2.0,2023-09-14
323,coffee,2022-09-01,2.0,2023-09-14
324,coffee,2022-09-01,2.0,2023-09-14
325,coffee,2022-09-01,2.0,2023-09-14
326,coffee,2022-09-01,2.0,2023-09-14
327,coffee,2022-09-01,2.0,2023-09-14
328,coffee,2022-09-01,2.0,2023-09-14
329,coffee,2022-09-01,2.0,2023-09-14
330,coffee,2022-09-01,2.0,2023-09-14
331,coffee,2022-09-01,2.0,2023-09-14
332,coffee,2022-09-01,2.0,2023-09-14
333,coffee,2022-09-01,2.0,2023-09-14
334,coffee,2022-09-01,2.0,2023-09-14
335,coffee,2022-09-01,2.0,2023-09-14
336,coffee,2022-09-01,2.0,2023-09-14
337,coffee,2022-09-01,2.0,2023-09-14
338,coffee,2022-09-01,2.0,2023-09-14
339,coffee,2022-09-01,2.0,2023-09-14
340,coffee,2022-09-01,2.0,2023-09-14
341,coffee,2022-09-01,2.0,2023-09-14
342,coffee,2022-09-01,2.0,2023-09-14
343,coffee,2022-09-01,2.0,2023-09-14
344,coffee,2022-09-01,2.0,2023-09-14
345,coffee,2022-09-01,2.0,2023-09-14
346,coffee,2022-09-01,2.0,2023-09-14
347,coffee,2022-09-01,2.0,2023-09-14
348,coffee,2022-09-01,2.0,2023-09-14
349,coffee,2022-09-01,2.0,2023-09-14
350,coffee,2022-09-01,2.0,2023-09-14
351,coffee,2022-09-01,2.0,2023-09-14
352,coffee,2022-09-01,2.0,2023-09-14
353,coffee,2022-09-01,2.0,2023-09-14
354,coffee,2022-09-01,2.0,2023-09-14
355,coffee,2022-09-01,2.0,2023-09-14
356,coffee,2022-09-01,2.0,2023-09-14
357,coffee,2022-09-01,2.0,2023-09-14
358,coffee,2022-09-01,2.0,2023-09-14
359,coffee,2022-09-01,2.0,2023-09-14
360,coffee,2022-09-01,2.0,2023-09-14
361,coffee,2022-09-01,2.0,2023-09-14
362,coffee,2022-09-01,2.0,2023-09-14
363,coffee,2022-09-01,2.0,2023-09-14
364,coffee,2022-09-01,2.0,2023-09-14
365,coffee,2022-09-01,2.0,2023-09-14
366,coffee,2022-09-01,2.0,2023-09-14
367,coffee,2022-09-01,2.0,2023-09-14
368,coffee,2022-09-01,2.0,2023-09-14
369,coffee,2022-09-01,2.0,2023-09-14
370,coffee,2022-09-01,2.0,2023-09-14
371,coffee,2022-09-01,2.0,2023-09-14
372,coffee,2022-09-01,2.0,2023-09-14
373,coffee,2022-09-01,2.0,2023-09-14
374,coffee,2022-09-01,2.0,2023-09-14
375,coffee,2022-09-01,2.0,2023-09-14
376,coffee,2022-09-01,2.0,2023-09-14
377,coffee,2022-09-01,2.0,2023-09-14
378,coffee,2022-09-01,2.0,2023-09-14
379,coffee,2022-09-01,2.0,2023-09-14
380,coffee,2022-09-01,2.0,2023-09-14
381,cake,2022-09-04,5.0,2022-09-08
382,cake,2022-09-04,5.0,2022-09-08
383,cake,2022-09-04,5.0,2022-09-08
384,cake,2022-09-04,5.0,2022-09-08
385,cake,2022-09-04,5.0,2022-09-08
386,cake,2022-09-04,5.0,2022-09-08
387,cake,2022-09-04,5.0,2022-09-08
388,cake,2022-09-04,5.0,2022-09-08
389,cake,2022-09-04,5.0,2022-09-08
390,cake,2022-09-04,5.0,2022-09-08
391,bread,2022-09-07,1.0,2022-09-14
392,bread,2022-09-07,1.0,2022-09-14
393,bread,2022-09-07,1.0,2022-09-14
394,bread,2022-09-07,1.0,2022-09-14
395,bread,2022-09-07,1.0,2022-09-14
396,bread,2022-09-07,1.0,2022-09-14
397,bread,2022-09-07,1.0,2022-09-14
398,bread,2022-09-07,1.0,2022-09-14
399,bread,2022-09-07,1.0,2022-09-14
400,bread,2022-09-07,1.0,2022-09-14
401,bread,2022-09-07,1.0,2022-09-14
402,bread,2022-09-07,1.0,2022-09-14
403,bread,2022-09-07,1.0,2022-09-14
404,bread,2022-09-07,1.0,2022-09-14
405,bread,2022-09-07,1.0,2022-09-14
406,bread,2022-09-07,1.0,2022-09-14
407,bread,2022-09-07,1.0,2022-09-14
408,bread,2022-09-07,1.0,2022-09-14
409,bread,2022-09-07,1.0,2022-09-14
410,bread,2022-09-07,1.0,2022-09-14
411,milk,2022-09-11,0.9,2022-09-18
412,milk,2022-09-12,0.9,2022-09-18
413,milk,2022-09-12,0.9,2022-09-18
414,milk,2022-09-12,0.9,2022-09-18
415,milk,2022-09-12,0.9,2022-09-18
416,milk,2022-09-12,0.9,2022-09-18
417,milk,2022-09-12,0.9,2022-09-18
418,milk,2022-09-12,0.9,2022-09-18
419,milk,2022-09-12,0.9,2022-09-18
420,milk,2022-09-12,0.9,2022-09-18
421,milk,2022-09-12,0.9,2022-09-18
422,chocolate,2022-09-12,0.9,2022-09-18
423,chocolate,2022-09-12,0.9,2022-09-18
424,chocolate,2022-09-12,0.9,2022-09-18
425,chocolate,2022-09-12,0.9,2022-09-18
426,chocolate,2022-09-12,0.9,2022-09-18
427,chocolate,2022-09-12,0.9,2022-09-18
428,chocolate,2022-09-12,0.9,2022-09-18
429,chocolate,2022-09-12,0.9,2022-09-18
430,chocolate,2022-09-12,0.9,2022-09-18
431,chocolate,2022-09-12,0.9,2022-09-18
432,chocolate,2022-09-12,0.9,2022-09-18
433,chocolate,2022-09-12,0.9,2022-09-18
434,chocolate,2022-09-12,0.9,2022-09-18
435,chocolate,2022-09-12,0.9,2022-09-18
436,chocolate,2022-09-12,0.9,2022-09-18
437,chocolate,2022-09-12,0.9,2022-09-18
438,chocolate,2022-09-12,0.9,2022-09-18
439,chocolate,2022-09-12,0.9,2022-09-18
440,chocolate,2022-09-12,0.9,2022-09-18
441,chocolate,2022-09-12,0.9,2022-09-18
442,chocolate,2022-09-12,0.9,2022-09-18
443,chocolate,2022-09-12,0.9,2022-09-18
444,chocolate,2022-09-12,0.9,2022-09-18
445,chocolate,2022-09-12,0.9,2022-09-18
446,chocolate,2022-09-12,0.9,2022-09-18
447,chocolate,2022-09-12,0.9,2022-09-18
448,chocolate,2022-09-12,0.9,2022-09-18
449,chocolate,2022-09-12,0.9,2022-09-18
450,chocolate,2022-09-12,0.9,2022-09-18
451,chocolate,2022-09-12,0.9,2022-09-18
452,chocolate,2022-09-12,0.9,2022-09-18
453,chocolate,2022-09-12,0.9,2022-09-18
454,chocolate,2022-09-12,0.9,2022-09-18
455,chocolate,2022-09-12,0.9,2022-09-18
456,chocolate,2022-09-12,0.9,2022-09-18
457,chocolate,2022-09-12,0.9,2022-09-18
458,chocolate,2022-09-12,0.9,2022-09-18
459,chocolate,2022-09-12,0.9,2022-09-18
460,chocolate,2022-09-12,0.9,2022-09-18
461,chocolate,2022-09-12,0.9,2022-09-18
462,chocolate,2022-09-12,0.9,2022-09-18
463,chocolate,2022-09-12,0.9,2022-09-18
464,chocolate,2022-09-12,0.9,2022-09-18
465,chocolate,2022-09-12,0.9,2022-09-18
466,chocolate,2022-09-12,0.9,2022-09-18
467,chocolate,2022-09-12,0.9,2022-09-18
468,chocolate,2022-09-12,0.9,2022-09-18
469,chocolate,2022-09-12,0.9,2022-09-18
470,chocolate,2022-09-12,0.9,2022-09-18
471,chocolate,2022-09-12,0.9,2022-09-18
472,cake,2022-09-12,1.2,2022-09-18
473,cake,2022-09-12,1.2,2022-09-18
474,cake,2022-09-12,1.2,2022-09-18
475,cake,2022-09-12,1.2,2022-09-18
476,cake,2022-09-12,1.2,2022-09-18
477,cake,2022-09-12,1.2,2022-09-18
478,cake,2022-09-12,1.2,2022-09-18
479,cake,2022-09-12,1.2,2022-09-18
480,cake,2022-09-12,1.2,2022-09-18
481,cake,2022-09-12,1.2,2022-09-18
482,cake,2022-09-12,1.2,2022-09-18
483,cake,2022-09-12,1.2,2022-09-18
484,cake,2022-09-12,1.2,2022-09-18
485,cake,2022-09-12,1.2,2022-09-18
486,cake,2022-09-12,1.2,2022-09-18
487,cake,2022-09-12,1.2,2022-09-18
488,cake,2022-09-12,1.2,2022-09-18
489,cake,2022-09-12,1.2,2022-09-18
490,cake,2022-09-12,1.2,2022-09-18
491,cake,2022-09-12,1.2,2022-09-18
492,cake,2022-09-12,1.2,2022-09-18
493,cake,2022-09-12,1.2,2022-09-18
494,cake,2022-09-12,1.2,2022-09-18
495,cake,2022-09-12,1.2,2022-09-18
496,cake,2022-09-12,1.2,2022-09-18
497,cake,2022-09-12,1.2,2022-09-18
498,cake,2022-09-12,1.2,2022-09-18
499,cake,2022-09-12,1.2,2022-09-18
500,cake,2022-09-12,1.2,2022-09-18
501,cake,2022-09-12,1.2,2022-09-18
502,cake,2022-09-12,1.2,2022-09-18
503,cake,2022-09-12,1.2,2022-09-18
504,cake,2022-09-12,1.2,2022-09-18
505,cake,2022-09-12,1.2,2022-09-18
506,cake,2022-09-12,1.2,2022-09-18
507,cake,2022-09-12,1.2,2022-09-18
508,cake,2022-09-12,1.2,2022-09-18
509,cake,2022-09-12,1.2,2022-09-18
510,cake,2022-09-12,1.2,2022-09-18
511,cake,2022-09-12,1.2,2022-09-18
512,cake,2022-09-12,1.2,2022-09-18
513,cake,2022-09-12,1.2,2022-09-18
514,cake,2022-09-12,1.2,2022-09-18
515,cake,2022-09-12,1.2,2022-09-18
516,cake,2022-09-12,1.2,2022-09-18
517,cake,2022-09-12,1.2,2022-09-18
518,cake,2022-09-12,1.2,2022-09-18
519,cake,2022-09-12,1.2,2022-09-18
520,cake,2022-09-12,1.2,2022-09-18
521,cake,2022-09-12,1.2,2022-09-18
522,milk,2022-09-16,0.9,2022-09-18
523,milk,2022-09-16,0.9,2022-09-18
524,milk,2022-09-16,0.9,2022-09-18
525,milk,2022-09-16,0.9,2022-09-18
526,milk,2022-09-16,0.9,2022-09-18
527,milk,2022-09-16,0.9,2022-09-18
528,milk,2022-09-16,0.9,2022-09-18
529,milk,2022-09-16,0.9,2022-09-18
530,milk,2022-09-16,0.9,2022-09-18
531,milk,2022-09-16,0.9,2022-09-18
532,milk,2022-09-16,0.9,2022-09-18
533,milk,2022-09-16,0.9,2022-09-18
534,milk,2022-09-16,0.9,2022-09-18
535,milk,2022-09-16,0.9,2022-09-18
536,milk,2022-09-16,0.9,2022-09-18
537,milk,2022-09-16,0.9,2022-09-18
538,milk,2022-09-16,0.9,2022-09-18
539,milk,2022-09-16,0.9,2022-09-18
540,milk,2022-09-16,0.9,2022-09-18
541,milk,2022-09-16,0.9,2022-09-18
542,milk,2022-09-16,0.9,2022-09-18
543,milk,2022-09-16,0.9,2022-09-18
544,milk,2022-09-16,0.9,2022-09-18
545,milk,2022-09-16,0.9,2022-09-18
546,milk,2022-09-16,0.9,2022-09-18
547,milk,2022-09-16,0.9,2022-09-18
548,milk,2022-09-16,0.9,2022-09-18
549,milk,2022-09-16,0.9,2022-09-18
550,milk,2022-09-16,0.9,2022-09-18
551,milk,2022-09-16,0.9,2022-09-18
552,milk,2022-09-16,0.9,2022-09-18
553,milk,2022-09-16,0.9,2022-09-18
554,milk,2022-09-16,0.9,2022-09-18
555,milk,2022-09-16,0.9,2022-09-18
556,milk,2022-09-16,0.9,2022-09-18
557,milk,2022-09-16,0.9,2022-09-18
558,milk,2022-09-16,0.9,2022-09-18
559,milk,2022-09-16,0.9,2022-09-18
560,milk,2022-09-16,0.9,2022-09-18
561,milk,2022-09-16,0.9,2022-09-18
562,milk,2022-09-16,0.9,2022-09-18
563,milk,2022-09-16,0.9,2022-09-18
564,milk,2022-09-16,0.9,2022-09-18
565,milk,2022-09-16,0.9,2022-09-18
566,milk,2022-09-16,0.9,2022-09-18
567,milk,2022-09-16,0.9,2022-09-18
568,milk,2022-09-16,0.9,2022-09-18
569,milk,2022-09-16,0.9,2022-09-18
570,milk,2022-09-16,0.9,2022-09-18
571,milk,2022-09-16,0.9,2022-09-18
572,milk,2022-09-16,0.9,2022-09-18
573,milk,2022-09-16,0.9,2022-09-18
574,milk,2022-09-16,0.9,2022-09-18
575,milk,2022-09-16,0.9,2022-09-18
576,milk,2022-09-16,0.9,2022-09-18
577,milk,2022-09-16,0.9,2022-09-18
578,milk,2022-09-16,0.9,2022-09-18
579,milk,2022-09-16,0.9,2022-09-18
580,milk,2022-09-16,0.9,2022-09-18
581,milk,2022-09-16,0.9,2022-09-18
582,milk,2022-09-16,0.9,2022-09-18
583,milk,2022-09-16,0.9,2022-09-18
584,milk,2022-09-16,0.9,2022-09-18
585,milk,2022-09-16,0.9,2022-09-18
586,milk,2022-09-16,0.9,2022-09-18
587,milk,2022-09-16,0.9,2022-09-18
588,milk,2022-09-16,0.9,2022-09-18
589,milk,2022-09-16,0.9,2022-09-18
590,milk,2022-09-16,0.9,2022-09-18
591,milk,2022-09-16,0.9,2022-09-18
592,milk,2022-09-16,0.9,2022-09-18
593,milk,2022-09-16,0.9,2022-09-18
594,milk,2022-09-16,0.9,2022-09-18
595,milk,2022-09-16,0.9,2022-09-18
596,milk,2022-09-16,0.9,2022-09-18
597,milk,2022-09-16,0.9,2022-09-18
598,milk,2022-09-16,0.9,2022-09-18
599,milk,2022-09-16,0.9,2022-09-18
600,milk,2022-09-16,0.9,2022-09-18
601,milk,2022-09-16,0.9,2022-09-18
602,milk,2022-09-16,0.9,2022-09-18
603,milk,2022-09-16,0.9,2022-09-18
604,milk,2022-09-16,0.9,2022-09-18
605,milk,2022-09-16,0.9,2022-09-18
606,milk,2022-09-16,0.9,2022-09-18
607,milk,2022-09-16,0.9,2022-09-18
608,milk,2022-09-16,0.9,2022-09-18
609,milk,2022-09-16,0.9,2022-09-18
610,milk,2022-09-16,0.9,2022-09-18
611,milk,2022-09-16,0.9,2022-09-18
612,milk,2022-09-16,0.9,2022-09-18
613,milk,2022-09-16,0.9,2022-09-18
614,milk,2022-09-16,0.9,2022-09-18
615,milk,2022-09-16,0.9,2022-09-18
616,milk,2022-09-16,0.9,2022-09-18
617,milk,2022-09-16,0.9,2022-09-18
618,milk,2022-09-16,0.9,2022-09-18
619,milk,2022-09-16,0.9,2022-09-18
620,milk,2022-09-16,0.9,2022-09-18
621,milk,2022-09-16,0.9,2022-09-18
622,milk,2022-09-16,0.9,2022-09-18
623,milk,2022-09-16,0.9,2022-09-18
624,milk,2022-09-16,0.9,2022-09-18
625,milk,2022-09-16,0.9,2022-09-18
626,milk,2022-09-16,0.9,2022-09-18
627,milk,2022-09-16,0.9,2022-09-18
628,milk,2022-09-16,0.9,2022-09-18
629,milk,2022-09-16,0.9,2022-09-18
630,milk,2022-09-16,0.9,2022-09-18
631,milk,2022-09-16,0.9,2022-09-18
632,milk,2022-09-16,0.9,2022-09-18
633,milk,2022-09-16,0.9,2022-09-18
634,milk,2022-09-16,0.9,2022-09-18
635,milk,2022-09-16,0.9,2022-09-18
636,milk,2022-09-16,0.9,2022-09-18
637,milk,2022-09-16,0.9,2022-09-18
638,milk,2022-09-16,0.9,2022-09-18
639,milk,2022-09-16,0.9,2022-09-18
640,milk,2022-09-16,0.9,2022-09-18
641,milk,2022-09-16,0.9,2022-09-18
642,milk,2022-09-16,0.9,2022-09-18
643,milk,2022-09-16,0.9,2022-09-18
644,milk,2022-09-16,0.9,2022-09-18
645,milk,2022-09-16,0.9,2022-09-18
646,milk,2022-09-16,0.9,2022-09-18
647,milk,2022-09-16,0.9,2022-09-18
648,milk,2022-09-16,0.9,2022-09-18
649,milk,2022-09-16,0.9,2022-09-18
650,milk,2022-09-16,0.9,2022-09-18
651,milk,2022-09-16,0.9,2022-09-18
652,milk,2022-09-16,0.9,2022-09-18
653,milk,2022-09-16,0.9,2022-09-18
654,milk,2022-09-16,0.9,2022-09-18
655,milk,2022-09-16,0.9,2022-09-18
656,milk,2022-09-16,0.9,2022-09-18
657,milk,2022-09-16,0.9,2022-09-18
658,milk,2022-09-16,0.9,2022-09-18
659,milk,2022-09-16,0.9,2022-09-18
660,milk,2022-09-16,0.9,2022-09-18
661,milk,2022-09-16,0.9,2022-09-18
662,milk,2022-09-16,0.9,2022-09-18
663,milk,2022-09-16,0.9,2022-09-18
664,milk,2022-09-16,0.9,2022-09-18
665,milk,2022-09-16,0.9,2022-09-18
666,milk,2022-09-16,0.9,2022-09-18
667,milk,2022-09-16,0.9,2022-09-18
668,milk,2022-09-16,0.9,2022-09-18
669,milk,2022-09-16,0.9,2022-09-18
670,milk,2022-09-16,0.9,2022-09-18
671,milk,2022-09-16,0.9,2022-09-18
672,milk,2022-09-16,0.8,2022-09-18
673,milk,2022-09-16,0.8,2022-09-18
674,milk,2022-09-16,0.8,2022-09-18
675,milk,2022-09-16,0.8,2022-09-18
676,milk,2022-09-16,0.8,2022-09-18
677,milk,2022-09-16,0.8,2022-09-18
678,milk,2022-09-16,0.8,2022-09-18
679,milk,2022-09-16,0.8,2022-09-18
680,milk,2022-09-16,0.8,2022-09-18
681,milk,2022-09-16,0.8,2022-09-18
682,bubblegum,2022-09-16,0.1,2023-12-01
683,bubblegum,2022-09-16,0.1,2023-12-01
684,bubblegum,2022-09-16,0.1,2023-12-01
685,bubblegum,2022-09-16,0.1,2023-12-01
686,bubblegum,2022-09-16,0.1,2023-12-01
687,bubblegum,2022-09-16,0.1,2023-12-01
688,bubblegum,2022-09-16,0.1,2023-12-01
689,bubblegum,2022-09-16,0.1,2023-12-01
690,bubblegum,2022-09-16,0.1,2023-12-01
691,bubblegum,2022-09-16,0.1,2023-12-01
692,bubblegum,2022-09-16,0.1,2023-12-01
693,bubblegum,2022-09-16,0.1,2023-12-01
694,bubblegum,2022-09-16,0.1,2023-12-01
695,bubblegum,2022-09-16,0.1,2023-12-01
696,bubblegum,2022-09-16,0.1,2023-12-01
697,bubblegum,2022-09-16,0.1,2023-12-01
698,bubblegum,2022-09-16,0.1,2023-12-01
699,bubblegum,2022-09-16,0.1,2023-12-01
700,bubblegum,2022-09-16,0.1,2023-12-01
701,bubblegum,2022-09-16,0.1,2023-12-01
702,bubblegum,2022-09-16,0.1,2023-12-01
703,bubblegum,2022-09-16,0.1,2023-12-01
704,bubblegum,2022-09-16,0.1,2023-12-01
705,bubblegum,2022-09-16,0.1,2023-12-01
706,bubblegum,2022-09-16,0.1,2023-12-01
707,bubblegum,2022-09-16,0.1,2023-12-01
708,bubblegum,2022-09-16,0.1,2023-12-01
709,bubblegum,2022-09-16,0.1,2023-12-01
710,bubblegum,2022-09-16,0.1,2023-12-01
711,bubblegum,2022-09-16,0.1,2023-12-01
712,bubblegum,2022-09-16,0.1,2023-12-01
713,bubblegum,2022-09-16,0.1,2023-12-01
714,bubblegum,2022-09-16,0.1,2023-12-01
715,bubblegum,2022-09-16,0.1,2023-12-01
716,bubblegum,2022-09-16,0.1,2023-12-01
717,bubblegum,2022-09-16,0.1,2023-12-01
718,bubblegum,2022-09-16,0.1,2023-12-01
719,bubblegum,2022-09-16,0.1,2023-12-01
720,bubblegum,2022-09-16,0.1,2023-12-01
721,bubblegum,2022-09-16,0.1,2023-12-01
722,bubblegum,2022-09-16,0.1,2023-12-01
723,bubblegum,2022-09-16,0.1,2023-12-01
724,bubblegum,2022-09-16,0.1,2023-12-01
725,bubblegum,2022-09-16,0.1,2023-12-01
726,bubblegum,2022-09-16,0.1,2023-12-01
727,bubblegum,2022-09-16,0.1,2023-12-01
728,bubblegum,2022-09-16,0.1,2023-12-01
729,bubblegum,2022-09-16,0.1,2023-12-01
730,bubblegum,2022-09-16,0.1,2023-12-01
731,bubblegum,2022-09-16,0.1,2023-12-01
732,bubblegum,2022-09-16,0.1,2023-12-01
733,bubblegum,2022-09-16,0.1,2023-12-01
734,bubblegum,2022-09-16,0.1,2023-12-01
735,bubblegum,2022-09-16,0.1,2023-12-01
736,bubblegum,2022-09-16,0.1,2023-12-01
737,bubblegum,2022-09-16,0.1,2023-12-01
738,bubblegum,2022-09-16,0.1,2023-12-01
739,bubblegum,2022-09-16,0.1,2023-12-01
740,bubblegum,2022-09-16,0.1,2023-12-01
741,bubblegum,2022-09-16,0.1,2023-12-01
742,bubblegum,2022-09-16,0.1,2023-12-01
743,bubblegum,2022-09-16,0.1,2023-12-01
744,bubblegum,2022-09-16,0.1,2023-12-01
745,bubblegum,2022-09-16,0.1,2023-12-01
746,bubblegum,2022-09-16,0.1,2023-12-01
747,bubblegum,2022-09-16,0.1,2023-12-01
748,bubblegum,2022-09-16,0.1,2023-12-01
749,bubblegum,2022-09-16,0.1,2023-12-01
750,bubblegum,2022-09-16,0.1,2023-12-01
751,bubblegum,2022-09-16,0.1,2023-12-01
752,bubblegum,2022-09-16,0.1,2023-12-01
753,bubblegum,2022-09-16,0.1,2023-12-01
754,bubblegum,2022-09-16,0.1,2023-12-01
755,bubblegum,2022-09-16,0.1,2023-12-01
756,bubblegum,2022-09-16,0.1,2023-12-01
757,bubblegum,2022-09-16,0.1,2023-12-01
758,bubblegum,2022-09-16,0.1,2023-12-01
759,bubblegum,2022-09-16,0.1,2023-12-01
760,bubblegum,2022-09-16,0.1,2023-12-01
761,bubblegum,2022-09-16,0.1,2023-12-01
762,bubblegum,2022-09-16,0.1,2023-12-01
763,bubblegum,2022-09-16,0.1,2023-12-01
764,bubblegum,2022-09-16,0.1,2023-12-01
765,bubblegum,2022-09-16,0.1,2023-12-01
766,bubblegum,2022-09-16,0.1,2023-12-01
767,bubblegum,2022-09-16,0.1,2023-12-01
768,bubblegum,2022-09-16,0.1,2023-12-01
769,bubblegum,2022-09-16,0.1,2023-12-01
770,bubblegum,2022-09-16,0.1,2023-12-01
771,bubblegum,2022-09-16,0.1,2023-12-01
772,bubblegum,2022-09-16,0.1,2023-12-01
773,bubblegum,2022-09-16,0.1,2023-12-01
774,bubblegum,2022-09-16,0.1,2023-12-01
775,bubblegum,2022-09-16,0.1,2023-12-01
776,bubblegum,2022-09-16,0.1,2023-12-01
777,bubblegum,2022-09-16,0.1,2023-12-01
778,bubblegum,2022-09-16,0.1,2023-12-01
779,bubblegum,2022-09-16,0.1,2023-12-01
780,bubblegum,2022-09-16,0.1,2023-12-01
781,bubblegum,2022-09-16,0.1,2023-12-01
782,bubblegum,2022-09-16,0.1,2023-12-01
783,bubblegum,2022-09-16,0.1,2023-12-01
784,bubblegum,2022-09-16,0.1,2023-12-01
785,bubblegum,2022-09-16,0.1,2023-12-01
786,bubblegum,2022-09-16,0.1,2023-12-01
787,bubblegum,2022-09-16,0.1,2023-12-01
788,bubblegum,2022-09-16,0.1,2023-12-01
789,bubblegum,2022-09-16,0.1,2023-12-01
790,bubblegum,2022-09-16,0.1,2023-12-01
791,bubblegum,2022-09-16,0.1,2023-12-01
792,bubblegum,2022-09-16,0.1,2023-12-01
793,bubblegum,2022-09-16,0.1,2023-12-01
794,bubblegum,2022-09-16,0.1,2023-12-01
795,bubblegum,2022-09-16,0.1,2023-12-01
796,bubblegum,2022-09-16,0.1,2023-12-01
797,bubblegum,2022-09-16,0.1,2023-12-01
798,bubblegum,2022-09-16,0.1,2023-12-01
799,bubblegum,2022-09-16,0.1,2023-12-01
800,bubblegum,2022-09-16,0.1,2023-12-01
801,bubblegum,2022-09-16,0.1,2023-12-01
802,bubblegum,2022-09-16,0.1,2023-12-01
803,bubblegum,2022-09-16,0.1,2023-12-01
804,bubblegum,2022-09-16,0.1,2023-12-01
805,bubblegum,2022-09-16,0.1,2023-12-01
806,bubblegum,2022-09-16,0.1,2023-12-01
807,bubblegum,2022-09-16,0.1,2023-12-01
808,bubblegum,2022-09-16,0.1,2023-12-01
809,bubblegum,2022-09-16,0.1,2023-12-01
810,bubblegum,2022-09-16,0.1,2023-12-01
811,bubblegum,2022-09-16,0.1,2023-12-01
812,bubblegum,2022-09-16,0.1,2023-12-01
813,bubblegum,2022-09-16,0.1,2023-12-01
814,bubblegum,2022-09-16,0.1,2023-12-01
815,bubblegum,2022-09-16,0.1,2023-12-01
816,bubblegum,2022-09-16,0.1,2023-12-01
817,bubblegum,2022-09-16,0.1,2023-12-01
818,bubblegum,2022-09-16,0.1,2023-12-01
819,bubblegum,2022-09-16,0.1,2023-12-01
820,bubblegum,2022-09-16,0.1,2023-12-01
821,bubblegum,2022-09-16,0.1,2023-12-01
822,bubblegum,2022-09-16,0.1,2023-12-01
823,bubblegum,2022-09-16,0.1,2023-12-01
824,bubblegum,2022-09-16,0.1,2023-12-01
825,bubblegum,2022-09-16,0.1,2023-12-01
826,bubblegum,2022-09-16,0.1,2023-12-01
827,bubblegum,2022-09-16,0.1,2023-12-01
828,bubblegum,2022-09-16,0.1,2023-12-01
829,bubblegum,2022-09-16,0.1,2023-12-01
830,bubblegum,2022-09-16,0.1,2023-12-01
831,bubblegum,2022-09-16,0.1,2023-12-01
832,bubblegum,2022-09-16,0.1,2023-12-01
833,bubblegum,2022-09-16,0.1,2023-12-01
834,bubblegum,2022-09-16,0.1,2023-12-01
835,bubblegum,2022-09-16,0.1,2023-12-01
836,bubblegum,2022-09-16,0.1,2023-12-01
837,bubblegum,2022-09-16,0.1,2023-12-01
838,bubblegum,2022-09-16,0.1,2023-12-01
839,bubblegum,2022-09-16,0.1,2023-12-01
840,bubblegum,2022-09-16,0.1,2023-12-01
841,bubblegum,2022-09-16,0.1,2023-12-01
842,bubblegum,2022-09-16,0.1,2023-12-01
843,bubblegum,2022-09-16,0.1,2023-12-01
844,bubblegum,2022-09-16,0.1,2023-12-01
845,bubblegum,2022-09-16,0.1,2023-12-01
846,bubblegum,2022-09-16,0.1,2023-12-01
847,bubblegum,2022-09-16,0.1,2023-12-01
848,bubblegum,2022-09-16,0.1,2023-12-01
849,bubblegum,2022-09-16,0.1,2023-12-01
850,bubblegum,2022-09-16,0.1,2023-12-01
851,bubblegum,2022-09-16,0.1,2023-12-01
852,bubblegum,2022-09-16,0.1,2023-12-01
853,bubblegum,2022-09-16,0.1,2023-12-01
854,bubblegum,2022-09-16,0.1,2023-12-01
855,bubblegum,2022-09-16,0.1,2023-12-01
856,bubblegum,2022-09-16,0.1,2023-12-01
857,bubblegum,2022-09-16,0.1,2023-12-01
858,bubblegum,2022-09-16,0.1,2023-12-01
859,bubblegum,2022-09-16,0.1,2023-12-01
860,bubblegum,2022-09-16,0.1,2023-12-01
861,bubblegum,2022-09-16,0.1,2023-12-01
862,bubblegum,2022-09-16,0.1,2023-12-01
863,bubblegum,2022-09-16,0.1,2023-12-01
864,bubblegum,2022-09-16,0.1,2023-12-01
865,bubblegum,2022-09-16,0.1,2023-12-01
866,bubblegum,2022-09-16,0.1,2023-12-01
867,bubblegum,2022-09-16,0.1,2023-12-01
868,bubblegum,2022-09-16,0.1,2023-12-01
869,bubblegum,2022-09-16,0.1,2023-12-01
870,bubblegum,2022-09-16,0.1,2023-12-01
871,bubblegum,2022-09-16,0.1,2023-12-01
872,bubblegum,2022-09-16,0.1,2023-12-01
873,bubblegum,2022-09-16,0.1,2023-12-01
874,bubblegum,2022-09-16,0.1,2023-12-01
875,bubblegum,2022-09-16,0.1,2023-12-01
876,bubblegum,2022-09-16,0.1,2023-12-01
877,bubblegum,2022-09-16,0.1,2023-12-01
878,bubblegum,2022-09-16,0.1,2023-12-01
879,bubblegum,2022-09-16,0.1,2023-12-01
880,bubblegum,2022-09-16,0.1,2023-12-01
881,bubblegum,2022-09-16,0.1,2023-12-01
882,potato,2022-09-16,0.1,2023-12-01
883,potato,2022-09-16,0.1,2023-12-01
884,potato,2022-09-16,0.1,2023-12-01
885,potato,2022-09-16,0.1,2023-12-01
886,potato,2022-09-16,0.1,2023-12-01
887,potato,2022-09-16,0.1,2023-12-01
888,potato,2022-09-16,0.1,2023-12-01
889,potato,2022-09-16,0.1,2023-12-01
890,potato,2022-09-16,0.1,2023-12-01
891,potato,2022-09-16,0.1,2023-12-01
892,potato,2022-09-16,0.1,2023-12-01
893,potato,2022-09-16,0.1,2023-12-01
894,potato,2022-09-16,0.1,2023-12-01
895,potato,2022-09-16,0.1,2023-12-01
896,potato,2022-09-16,0.1,2023-12-01
897,potato,2022-09-16,0.1,2023-12-01
898,potato,2022-09-16,0.1,2023-12-01
899,potato,2022-09-16,0.1,2023-12-01
900,potato,2022-09-16,0.1,2023-12-01
901,potato,2022-09-16,0.1,2023-12-01
902,potato,2022-09-16,0.1,2023-12-01
903,potato,2022-09-16,0.1,2023-12-01
904,potato,2022-09-16,0.1,2023-12-01
905,potato,2022-09-16,0.1,2023-12-01
906,potato,2022-09-16,0.1,2023-12-01
907,potato,2022-09-16,0.1,2023-12-01
908,potato,2022-09-16,0.1,2023-12-01
909,potato,2022-09-16,0.1,2023-12-01
910,potato,2022-09-16,0.1,2023-12-01
911,potato,2022-09-16,0.1,2023-12-01
912,potato,2022-09-16,0.1,2023-12-01
913,potato,2022-09-16,0.1,2023-12-01
914,potato,2022-09-16,0.1,2023-12-01
915,potato,2022-09-16,0.1,2023-12-01
916,potato,2022-09-16,0.1,2023-12-01
917,potato,2022-09-16,0.1,2023-12-01
918,potato,2022-09-16,0.1,2023-12-01
919,potato,2022-09-16,0.1,2023-12-01
920,potato,2022-09-16,0.1,2023-12-01
921,potato,2022-09-16,0.1,2023-12-01
922,potato,2022-09-16,0.1,2023-12-01
923,potato,2022-09-16,0.1,2023-12-01
924,potato,2022-09-16,0.1,2023-12-01
925,potato,2022-09-16,0.1,2023-12-01
926,potato,2022-09-16,0.1,2023-12-01
927,potato,2022-09-16,0.1,2023-12-01
928,potato,2022-09-16,0.1,2023-12-01
929,potato,2022-09-16,0.1,2023-12-01
930,potato,2022-09-16,0.1,2023-12-01
931,potato,2022-09-16,0.1,2023-12-01
932,potato,2022-09-16,0.1,2023-12-01
933,potato,2022-09-16,0.1,2023-12-01
934,potato,2022-09-16,0.1,2023-12-01
935,potato,2022-09-16,0.1,2023-12-01
936,potato,2022-09-16,0.1,2023-12-01
937,potato,2022-09-16,0.1,2023-12-01
938,potato,2022-09-16,0.1,2023-12-01
939,potato,2022-09-16,0.1,2023-12-01
940,potato,2022-09-16,0.1,2023-12-01
941,potato,2022-09-16,0.1,2023-12-01
942,potato,2022-09-16,0.1,2023-12-01
943,potato,2022-09-16,0.1,2023-12-01
944,potato,2022-09-16,0.1,2023-12-01
945,potato,2022-09-16,0.1,2023-12-01
946,potato,2022-09-16,0.1,2023-12-01
947,potato,2022-09-16,0.1,2023-12-01
948,potato,2022-09-16,0.1,2023-12-01
949,potato,2022-09-16,0.1,2023-12-01
950,potato,2022-09-16,0.1,2023-12-01
951,potato,2022-09-16,0.1,2023-12-01
952,potato,2022-09-16,0.1,2023-12-01
953,potato,2022-09-16,0.1,2023-12-01
954,potato,2022-09-16,0.1,2023-12-01
955,potato,2022-09-16,0.1,2023-12-01
956,potato,2022-09-16,0.1,2023-12-01
957,potato,2022-09-16,0.1,2023-12-01
958,potato,2022-09-16,0.1,2023-12-01
959,potato,2022-09-16,0.1,2023-12-01
960,potato,2022-09-16,0.1,2023-12-01
961,potato,2022-09-16,0.1,2023-12-01
962,potato,2022-09-16,0.1,2023-12-01
963,potato,2022-09-16,0.1,2023-12-01
964,potato,2022-09-16,0.1,2023-12-01
965,potato,2022-09-16,0.1,2023-12-01
966,potato,2022-09-16,0.1,2023-12-01
967,potato,2022-09-16,0.1,2023-12-01
968,potato,2022-09-16,0.1,2023-12-01
969,potato,2022-09-16,0.1,2023-12-01
970,potato,2022-09-16,0.1,2023-12-01
971,potato,2022-09-16,0.1,2023-12-01
972,potato,2022-09-16,0.1,2023-12-01
973,potato,2022-09-16,0.1,2023-12-01
974,potato,2022-09-16,0.1,2023-12-01
975,potato,2022-09-16,0.1,2023-12-01
976,potato,2022-09-16,0.1,2023-12-01
977,potato,2022-09-16,0.1,2023-12-01
978,potato,2022-09-16,0.1,2023-12-01
979,potato,2022-09-16,0.1,2023-12-01
980,potato,2022-09-16,0.1,2023-12-01
981,potato,2022-09-16,0.1,2023-12-01
982,milk,2022-09-19,0.9,2022-09-30
983,milk,2022-09-19,0.9,2022-09-30
984,milk,2022-09-19,0.9,2022-09-30
985,milk,2022-09-19,0.9,2022-09-30
986,milk,2022-09-19,0.9,2022-09-30
987,milk,2022-09-19,0.9,2022-09-30
988,milk,2022-09-19,0.9,2022-09-30
989,milk,2022-09-19,0.9,2022-09-30
990,milk,2022-09-19,0.9,2022-09-30
991,milk,2022-09-19,0.9,2022-09-30
992,milk,2022-09-19,0.9,2022-09-30
993,milk,2022-09-19,0.9,2022-09-30
994,milk,2022-09-19,0.9,2022-09-30
995,milk,2022-09-19,0.9,2022-09-30
996,milk,2022-09-19,0.9,2022-09-30
997,milk,2022-09-19,0.9,2022-09-30
998,milk,2022-09-19,0.9,2022-09-30
999,milk,2022-09-19,0.9,2022-09-30
1000,milk,2022-09-19,0.9,2022-09-30
1001,milk,2022-09-19,0.9,2022-09-30
1002,milk,2022-09-19,0.9,2022-09-30
1003,milk,2022-09-19,0.9,2022-09-30
1004,milk,2022-09-19,0.9,2022-09-30
1005,milk,2022-09-19,0.9,2022-09-30
1006,milk,2022-09-19,0.9,2022-09-30
1007,milk,2022-09-19,0.9,2022-09-30
1008,milk,2022-09-19,0.9,2022-09-30
1009,milk,2022-09-19,0.9,2022-09-30
1010,milk,2022-09-19,0.9,2022-09-30
1011,milk,2022-09-19,0.9,2022-09-30
1012,milk,2022-09-19,0.9,2022-09-30
1013,milk,2022-09-19,0.9,2022-09-30
1014,milk,2022-09-19,0.9,2022-09-30
1015,milk,2022-09-19,0.9,2022-09-30
1016,milk,2022-09-19,0.9,2022-09-30
1017,milk,2022-09-19,0.9,2022-09-30
1018,milk,2022-09-19,0.9,2022-09-30
1019,milk,2022-09-19,0.9,2022-09-30
1020,milk,2022-09-19,0.9,2022-09-30
1021,milk,2022-09-19,0.9,2022-09-30
1022,milk,2022-09-19,0.9,2022-09-30
1023,milk,2022-09-19,0.9,2022-09-30
1024,milk,2022-09-19,0.9,2022-09-30
1025,milk,2022-09-19,0.9,2022-09-30
1026,milk,2022-09-19,0.9,2022-09-30
1027,milk,2022-09-19,0.9,2022-09-30
1028,milk,2022-09-19,0.9,2022-09-30
1029,milk,2022-09-19,0.9,2022-09-30
1030,milk,2022-09-19,0.9,2022-09-30
1031,milk,2022-09-19,0.9,2022-09-30
1032,milk,2022-09-19,0.9,2022-09-30
1033,milk,2022-09-19,0.9,2022-09-30
1034,milk,2022-09-19,0.9,2022-09-30
1035,milk,2022-09-19,0.9,2022-09-30
1036,milk,2022-09-19,0.9,2022-09-30
1037,milk,2022-09-19,0.9,2022-09-30
1038,milk,2022-09-19,0.9,2022-09-30
1039,milk,2022-09-19,0.9,2022-09-30
1040,milk,2022-09-19,0.9,2022-09-30
1041,milk,2022-09-19,0.9,2022-09-30
1042,apple,2022-09-19,0.12,2022-11-11
1043,apple,2022-09-19,0.12,2022-11-11
1044,apple,2022-09-19,0.12,2022-11-11
1045,apple,2022-09-19,0.12,2022-11-11
1046,apple,2022-09-19,0.12,2022-11-11
1047,apple,2022-09-19,0.12,2022-11-11
1048,apple,2022-09-19,0.12,2022-11-11
1049,apple,2022-09-19,0.12,2022-11-11
1050,apple,2022-09-19,0.12,2022-11-11
1051,apple,2022-09-19,0.12,2022-11-11
1052,apple,2022-09-19,0.12,2022-11-11
1053,apple,2022-09-19,0.12,2022-11-11
1054,apple,2022-09-19,0.12,2022-11-11
1055,apple,2022-09-19,0.12,2022-11-11
1056,apple,2022-09-19,0.12,2022-11-11
1057,apple,2022-09-19,0.12,2022-11-11
1058,apple,2022-09-19,0.12,2022-11-11
1059,apple,2022-09-19,0.12,2022-11-11
1060,apple,2022-09-19,0.12,2022-11-11
1061,apple,2022-09-19,0.12,2022-11-11
1062,apple,2022-09-19,0.12,2022-11-11
1063,apple,2022-09-19,0.12,2022-11-11
1064,apple,2022-09-19,0.12,2022-11-11
1065,apple,2022-09-19,0.12,2022-11-11
1066,apple,2022-09-19,0.12,2022-11-11
1067,apple,2022-09-19,0.12,2022-11-11
1068,apple,2022-09-19,0.12,2022-11-11
1069,apple,2022-09-19,0.12,2022-11-11
1070,apple,2022-09-19,0.12,2022-11-11
1071,apple,2022-09-19,0.12,2022-11-11
1072,apple,2022-09-19,0.12,2022-11-11
1073,apple,2022-09-19,0.12,2022-11-11
1074,apple,2022-09-19,0.12,2022-11-11
1075,apple,2022-09-19,0.12,2022-11-11
1076,apple,2022-09-19,0.12,2022-11-11
1077,apple,2022-09-19,0.12,2022-11-11
1078,apple,2022-09-19,0.12,2022-11-11
1079,apple,2022-09-19,0.12,2022-11-11
1080,apple,2022-09-19,0.12,2022-11-11
1081,apple,2022-09-19,0.12,2022-11-11
1082,apple,2022-09-19,0.12,2022-11-11
1083,apple,2022-09-19,0.12,2022-11-11
1084,apple,2022-09-19,0.12,2022-11-11
1085,apple,2022-09-19,0.12,2022-11-11
1086,apple,2022-09-19,0.12,2022-11-11
1087,apple,2022-09-19,0.12,2022-11-11
1088,apple,2022-09-19,0.12,2022-11-11
1089,apple,2022-09-19,0.12,2022-11-11
1090,apple,2022-09-19,0.12,2022-11-11
1091,apple,2022-09-19,0.12,2022-11-11
1092,apple,2022-09-19,0.12,2022-11-11
1093,apple,2022-09-19,0.12,2022-11-11
1094,apple,2022-09-19,0.12,2022-11-11
1095,apple,2022-09-19,0.12,2022-11-11
1096,apple,2022-09-19,0.12,2022-11-11
1097,apple,2022-09-19,0.12,2022-11-11
1098,apple,2022-09-19,0.12,2022-11-11
1099,apple,2022-09-19,0.12,2022-11-11
1100,apple,2022-09-19,0.12,2022-11-11
1101,apple,2022-09-19,0.12,2022-11-11
1102,apple,2022-09-19,0.12,2022-11-11
1103,apple,2022-09-19,0.12,2022-11-11
1104,apple,2022-09-19,0.12,2022-11-11
1105,apple,2022-09-19,0.12,2022-11-11
1106,apple,2022-09-19,0.12,2022-11-11
1107,apple,2022-09-19,0.12,2022-11-11
1108,apple,2022-09-19,0.12,2022-11-11
1109,apple,2022-09-19,0.12,2022-11-11
1110,apple,2022-09-19,0.12,2022-11-11
1111,apple,2022-09-19,0.12,2022-11-11
1112,apple,2022-09-19,0.12,2022-11-11
1113,apple,2022-09-19,0.12,2022-11-11
1114,apple,2022-09-19,0.12,2022-11-11
1115,apple,2022-09-19,0.12,2022-11-11
1116,apple,2022-09-19,0.12,2022-11-11
1117,apple,2022-09-19,0.12,2022-11-11
1118,apple,2022-09-19,0.12,2022-11-11
1119,apple,2022-09-19,0.12,2022-11-11
1120,apple,2022-09-19,0.12,2022-11-11
1121,apple,2022-09-19,0.12,2022-11-11
1122,apple,2022-09-19,0.12,2022-11-11
1123,apple,2022-09-19,0.12,2022-11-11
1124,apple,2022-09-19,0.12,2022-11-11
1125,apple,2022-09-19,0.12,2022-11-11
1126,apple,2022-09-19,0.12,2022-11-11
1127,apple,2022-09-19,0.12,2022-11-11
1128,apple,2022-09-19,0.12,2022-11-11
1129,apple,2022-09-19,0.12,2022-11-11
1130,apple,2022-09-19,0.12,2022-11-11
1131,apple,2022-09-19,0.12,2022-11-11
1132,apple,2022-09-19,0.12,2022-11-11
1133,apple,2022-09-19,0.12,2022-11-11
1134,apple,2022-09-19,0.12,2022-11-11
1135,apple,2022-09-19,0.12,2022-11-11
1136,apple,2022-09-19,0.12,2022-11-11
1137,apple,2022-09-19,0.12,2022-11-11
1138,apple,2022-09-19,0.12,2022-11-11
1139,apple,2022-09-19,0.12,2022-11-11
1140,apple,2022-09-19,0.12,2022-11-11
1141,apple,2022-09-19,0.12,2022-11-11
1142,potato,2022-09-19,0.9,2023-01-01
1143,potato,2022-09-19,0.9,2023-01-01
1144,potato,2022-09-19,0.9,2023-01-01
1145,potato,2022-09-19,0.9,2023-01-01
1146,potato,2022-09-19,0.9,2023-01-01
1147,potato,2022-09-19,0.9,2023-01-01
1148,potato,2022-09-19,0.9,2023-01-01
1149,potato,2022-09-19,0.9,2023-01-01
1150,potato,2022-09-19,0.9,2023-01-01
1151,potato,2022-09-19,0.9,2023-01-01
1152,apple,2022-09-22,0.12,2023-01-01
1153,apple,2022-09-22,0.12,2023-01-01
1154,apple,2022-09-22,0.12,2023-01-01
1155,apple,2022-09-22,0.12,2023-01-01
1156,apple,2022-09-22,0.12,2023-01-01
1157,apple,2022-09-22,0.12,2023-01-01
1158,apple,2022-09-22,0.12,2023-01-01
1159,apple,2022-09-22,0.12,2023-01-01
1160,apple,2022-09-22,0.12,2023-01-01
1161,apple,2022-09-22,0.12,2023-01-01
1162,apple,2022-09-22,0.12,2023-01-01
1163,apple,2022-09-22,0.12,2023-01-01
1164,apple,2022-09-22,0.12,2023-01-01
1165,apple,2022-09-22,0.12,2023-01-01
1166,apple,2022-09-22,0.12,2023-01-01
1167,apple,2022-09-22,0.12,2023-01-01
1168,apple,2022-09-22,0.12,2023-01-01
1169,apple,2022-09-22,0.12,2023-01-01
1170,apple,2022-09-22,0.12,2023-01-01
1171,apple,2022-09-22,0.12,2023-01-01
1172,apple,2022-09-22,0.12,2023-01-01
1173,apple,2022-09-22,0.12,2023-01-01
1174,apple,2022-09-22,0.12,2023-01-01
1175,apple,2022-09-22,0.12,2023-01-01
1176,apple,2022-09-22,0.12,2023-01-01
1177,apple,2022-09-22,0.12,2023-01-01
1178,apple,2022-09-22,0.12,2023-01-01
1179,apple,2022-09-22,0.12,2023-01-01
1180,apple,2022-09-22,0.12,2023-01-01
1181,apple,2022-09-22,0.12,2023-01-01
1182,apple,2022-09-22,0.12,2023-01-01
1183,apple,2022-09-22,0.12,2023-01-01
1184,apple,2022-09-22,0.12,2023-01-01
1185,apple,2022-09-22,0.12,2023-01-01
1186,apple,2022-09-22,0.12,2023-01-01
1187,apple,2022-09-22,0.12,2023-01-01
1188,apple,2022-09-22,0.12,2023-01-01
1189,apple,2022-09-22,0.12,2023-01-01
1190,apple,2022-09-22,0.12,2023-01-01
1191,apple,2022-09-22,0.12,2023-01-01
1192,apple,2022-09-22,0.12,2023-01-01
1193,apple,2022-09-22,0.12,2023-01-01
1194,apple,2022-09-22,0.12,2023-01-01
1195,apple,2022-09-22,0.12,2023-01-01
1196,apple,2022-09-22,0.12,2023-01-01
1197,apple,2022-09-22,0.12,2023-01-01
1198,apple,2022-09-22,0.12,2023-01-01
1199,apple,2022-09-22,0.12,2023-01-01
1200,apple,2022-09-22,0.12,2023-01-01
1201,apple,2022-09-22,0.12,2023-01-01
1202,apple,2022-09-22,0.12,2023-01-01
1203,apple,2022-09-22,0.12,2023-01-01
1204,apple,2022-09-22,0.12,2023-01-01
1205,apple,2022-09-22,0.12,2023-01-01
1206,apple,2022-09-22,0.12,2023-01-01
1207,apple,2022-09-22,0.12,2023-01-01
1208,apple,2022-09-22,0.12,2023-01-01
1209,apple,2022-09-22,0.12,2023-01-01
1210,apple,2022-09-22,0.12,2023-01-01
1211,apple,2022-09-22,0.12,2023-01-01
1212,apple,2022-09-22,0.12,2023-01-01
1213,apple,2022-09-22,0.12,2023-01-01
1214,apple,2022-09-22,0.12,2023-01-01
1215,apple,2022-09-22,0.12,2023-01-01
1216,apple,2022-09-22,0.12,2023-01-01
1217,apple,2022-09-22,0.12,2023-01-01
1218,apple,2022-09-22,0.12,2023-01-01
1219,apple,2022-09-22,0.12,2023-01-01
1220,apple,2022-09-22,0.12,2023-01-01
1221,apple,2022-09-22,0.12,2023-01-01
1222,apple,2022-09-22,0.12,2023-01-01
1223,apple,2022-09-22,0.12,2023-01-01
1224,apple,2022-09-22,0.12,2023-01-01
1225,apple,2022-09-22,0.12,2023-01-01
1226,apple,2022-09-22,0.12,2023-01-01
1227,apple,2022-09-22,0.12,2023-01-01
1228,apple,2022-09-22,0.12,2023-01-01
1229,apple,2022-09-22,0.12,2023-01-01
1230,apple,2022-09-22,0.12,2023-01-01
1231,apple,2022-09-22,0.12,2023-01-01
1232,apple,2022-09-22,0.12,2023-01-01
1233,apple,2022-09-22,0.12,2023-01-01
1234,apple,2022-09-22,0.12,2023-01-01
1235,apple,2022-09-22,0.12,2023-01-01
1236,apple,2022-09-22,0.12,2023-01-01
1237,apple,2022-09-22,0.12,2023-01-01
1238,apple,2022-09-22,0.12,2023-01-01
1239,apple,2022-09-22,0.12,2023-01-01
1240,apple,2022-09-22,0.12,2023-01-01
1241,apple,2022-09-22,0.12,2023-01-01
1242,milk,2022-09-21,1.0,2022-11-01
1243,milk,2022-09-21,1.0,2022-11-01
1244,milk,2022-09-21,1.0,2022-11-01
1245,milk,2022-09-21,1.0,2022-11-01
1246,milk,2022-09-21,1.0,2022-11-01
1247,milk,2022-09-21,1.0,2022-11-01
1248,milk,2022-09-21,1.0,2022-11-01
1249,milk,2022-09-21,1.0,2022-11-01
1250,milk,2022-09-21,1.0,2022-11-01
1251,milk,2022-09-21,1.0,2022-11-01
1252,milk,2022-09-21,1.0,2022-11-01
1253,milk,2022-09-21,1.0,2022-11-01
1254,milk,2022-09-21,1.0,2022-11-01
1255,milk,2022-09-21,1.0,2022-11-01
1256,milk,2022-09-21,1.0,2022-11-01
1257,milk,2022-09-21,1.0,2022-11-01
1258,milk,2022-09-21,1.0,2022-11-01
1259,milk,2022-09-21,1.0,2022-11-01
1260,milk,2022-09-21,1.0,2022-11-01
1261,milk,2022-09-21,1.0,2022-11-01
1262,milk,2022-09-21,1.0,2022-11-01
1263,milk,2022-09-21,1.0,2022-11-01
1264,milk,2022-09-21,1.0,2022-11-01
1265,milk,2022-09-21,1.0,2022-11-01
1266,milk,2022-09-21,1.0,2022-11-01
1267,milk,2022-09-21,1.0,2022-11-01
1268,milk,2022-09-21,1.0,2022-11-01
1269,milk,2022-09-21,1.0,2022-11-01
1270,milk,2022-09-21,1.0,2022-11-01
1271,milk,2022-09-21,1.0,2022-11-01
1272,milk,2022-09-21,1.0,2022-11-01
1273,milk,2022-09-21,1.0,2022-11-01
1274,milk,2022-09-21,1.0,2022-11-01
1275,milk,2022-09-21,1.0,2022-11-01
1276,milk,2022-09-21,1.0,2022-11-01
1277,milk,2022-09-21,1.0,2022-11-01
1278,milk,2022-09-21,1.0,2022-11-01
1279,milk,2022-09-21,1.0,2022-11-01
1280,milk,2022-09-21,1.0,2022-11-01
1281,milk,2022-09-21,1.0,2022-11-01
1282,milk,2022-09-21,1.0,2022-11-01
1283,milk,2022-09-21,1.0,2022-11-01
1284,milk,2022-09-21,1.0,2022-11-01
1285,milk,2022-09-21,1.0,2022-11-01
1286,milk,2022-09-21,1.0,2022-11-01
1287,milk,2022-09-21,1.0,2022-11-01
1288,milk,2022-09-21,1.0,2022-11-01
1289,milk,2022-09-21,1.0,2022-11-01
1290,milk,2022-09-21,1.0,2022-11-01
1291,milk,2022-09-21,1.0,2022-11-01
1292,milk,2022-09-21,1.0,2022-11-01
1293,milk,2022-09-21,1.0,2022-11-01
1294,milk,2022-09-21,1.0,2022-11-01
1295,milk,2022-09-21,1.0,2022-11-01
1296,milk,2022-09-21,1.0,2022-11-01
1297,milk,2022-09-21,1.0,2022-11-01
1298,milk,2022-09-21,1.0,2022-11-01
1299,milk,2022-09-21,1.0,2022-11-01
1300,milk,2022-09-21,1.0,2022-11-01
1301,milk,2022-09-21,1.0,2022-11-01
1302,milk,2022-09-21,1.0,2022-11-01
1303,milk,2022-09-21,1.0,2022-11-01
1304,milk,2022-09-21,1.0,2022-11-01
1305,milk,2022-09-21,1.0,2022-11-01
1306,milk,2022-09-21,1.0,2022-11-01
1307,milk,2022-09-21,1.0,2022-11-01
1308,milk,2022-09-21,1.0,2022-11-01
1309,milk,2022-09-21,1.0,2022-11-01
1310,milk,2022-09-21,1.0,2022-11-01
1311,milk,2022-09-21,1.0,2022-11-01
1312,milk,2022-09-21,1.0,2022-11-01
1313,milk,2022-09-21,1.0,2022-11-01
1314,milk,2022-09-21,1.0,2022-11-01
1315,milk,2022-09-21,1.0,2022-11-01
1316,milk,2022-09-21,1.0,2022-11-01
1317,potato,2022-12-11,0.1,2023-11-01
1318,potato,2022-12-11,0.1,2023-11-01
1319,potato,2022-12-12,0.0,2023-12-01
1320,potato,2022-12-12,0.0,2023-12-01
1321,potato,2022-12-12,0.0,2023-12-01
1322,potato,2022-12-12,0.0,2023-12-01
1323,potato,2022-12-12,0.0,2023-12-01
1324,potato,2022-12-12,0.0,2023-12-01
1325,potato,2022-12-12,0.0,2023-12-01
1326,potato,2022-12-12,0.0,2023-12-01
1327,potato,2022-12-12,0.0,2023-12-01
1328,potato,2022-12-12,0.0,2023-12-01
1329,potato,2022-12-12,0.0,2023-12-01
1330,potato,2022-12-12,0.0,2023-12-01
1331,potato,2022-12-12,0.0,2023-12-01
1332,potato,2022-12-12,0.0,2023-12-01
1333,potato,2022-12-12,0.0,2023-12-01
1334,potato,2022-12-12,0.0,2023-12-01
1335,potato,2022-12-12,0.0,2023-12-01
1336,potato,2022-12-12,0.0,2023-12-01
1337,potato,2022-12-12,0.0,2023-12-01
1338,potato,2022-12-12,0.6,2023-12-01
1339,potato,2022-12-12,0.0,2023-12-01
1340,potato,2022-12-12,0.6,2023-12-01
1341,potato,2022-12-12,0.0,2023-12-01
1342,potato,2022-12-12,0.6,2023-12-01
1343,potato,2022-12-12,0.0,2023-12-01
1344,potato,2022-12-12,0.6,2023-12-01
1345,potato,2022-12-12,0.0,2023-12-01
1346,potato,2022-12-12,0.6,2023-12-01
1347,potato,2022-12-12,0.0,2023-12-01
1348,potato,2022-12-12,0.6,2023-12-01
1349,potato,2022-12-12,0.0,2023-12-01
1350,potato,2022-12-12,0.6,2023-12-01
1351,potato,2022-12-12,0.0,2023-12-01
1352,potato,2022-12-12,0.6,2023-12-01
1353,potato,2022-12-12,0.0,2023-12-01
1354,potato,2022-12-12,0.6,2023-12-01
1355,potato,2022-12-12,0.0,2023-12-01
1356,potato,2022-12-12,0.6,2023-12-01
1357,potato,2022-12-12,0.0,2023-12-01
1358,potato,2022-12-12,0.6,2023-12-01
1359,potato,2022-12-12,0.0,2023-12-01
1360,potato,2022-12-12,0.6,2023-12-01
1361,potato,2022-12-12,0.0,2023-12-01
1362,potato,2022-12-12,0.6,2023-12-01
1363,broccoli,2022-09-19,1.2,2022-11-30
1364,broccoli,2022-09-19,1.2,2022-11-30
1365,potato,2022-12-13,0.0,2023-12-01
1366,potato,2022-12-13,0.6,2023-12-01
1367,tomato,2022-09-18,1.2,2022-11-30
1368,tomato,2022-09-18,1.2,2022-11-30
1369,tomato,2022-09-18,1.2,2022-11-30
1370,tomato,2022-09-18,1.2,2022-11-30
1371,tomato,2022-09-18,1.2,2022-11-30
1372,tomato,2022-09-18,1.2,2022-11-30
1373,tomato,2022-09-18,1.2,2022-11-30
1374,tomato,2022-09-18,1.2,2022-11-30
1375,tomato,2022-09-18,1.2,2022-11-30
1376,tomato,2022-09-18,1.2,2022-11-30
1377,tomato,2022-09-18,1.2,2022-11-30
1378,tomato,2022-09-18,1.2,2022-11-30
1379,tomato,2022-09-18,1.2,2022-11-30
1380,tomato,2022-09-18,1.2,2022-11-30
1381,tomato,2022-09-18,1.2,2022-11-30
1382,tomato,2022-09-18,1.2,2022-11-30
1383,tomato,2022-09-18,1.2,2022-11-30
1384,tomato,2022-09-18,1.2,2022-11-30
1385,tomato,2022-09-18,1.2,2022-11-30
1386,tomato,2022-09-18,1.2,2022-11-30
1387,tomato,2022-09-18,1.2,2022-11-30
1388,tomato,2022-09-18,1.2,2022-11-30
1389,tomato,2022-09-18,1.2,2022-11-30
1390,tomato,2022-09-18,1.2,2022-11-30
1391,tomato,2022-09-18,1.2,2022-11-30
1392,tomato,2022-09-18,1.2,2022-11-30
1393,tomato,2022-09-18,1.2,2022-11-30
1394,tomato,2022-09-18,1.2,2022-11-30
1395,tomato,2022-09-18,1.2,2022-11-30
1396,tomato,2022-09-18,1.2,2022-11-30
1397,tomato,2022-09-18,1.2,2022-11-30
1398,tomato,2022-09-18,1.2,2022-11-30
1399,tomato,2022-09-18,1.2,2022-11-30
1400,tomato,2022-09-18,1.2,2022-11-30
1401,tomato,2022-09-18,1.2,2022-11-30
1402,tomato,2022-09-18,1.2,2022-11-30
1403,tomato,2022-09-18,1.2,2022-11-30
1404,tomato,2022-09-18,1.2,2022-11-30
1405,tomato,2022-09-18,1.2,2022-11-30
1406,tomato,2022-09-18,1.2,2022-11-30
1407,tomato,2022-09-18,1.2,2022-11-30
1408,tomato,2022-09-18,1.2,2022-11-30
1409,tomato,2022-09-18,1.2,2022-11-30
1410,tomato,2022-09-18,1.2,2022-11-30
1411,tomato,2022-09-18,1.2,2022-11-30
1412,tomato,2022-09-18,1.2,2022-11-30
1413,tomato,2022-09-18,1.2,2022-11-30
1414,tomato,2022-09-18,1.2,2022-11-30
1415,tomato,2022-09-18,1.2,2022-11-30
1416,tomato,2022-09-18,1.2,2022-11-30
1417,apple,2022-09-21,0.2,2022-12-12
1418,apple,2022-09-21,0.2,2022-12-12
1419,apple,2022-09-21,0.2,2022-12-12
1420,apple,2022-09-21,0.2,2022-12-12
1421,apple,2022-09-21,0.2,2022-12-12
1422,apple,2022-09-21,0.2,2022-12-12
1423,apple,2022-09-21,0.2,2022-12-12
1424,apple,2022-09-21,0.2,2022-12-12
1425,apple,2022-09-21,0.2,2022-12-12
1426,apple,2022-09-21,0.2,2022-12-12
1427,apple,2022-09-21,0.2,2022-12-12
1428,apple,2022-09-21,0.2,2022-12-12
1429,apple,2022-09-21,0.2,2022-12-12
1430,apple,2022-09-21,0.2,2022-12-12
1431,apple,2022-09-21,0.2,2022-12-12
1432,apple,2022-09-21,0.2,2022-12-12
1433,apple,2022-09-21,0.2,2022-12-12
1434,apple,2022-09-21,0.2,2022-12-12
1435,apple,2022-09-21,0.2,2022-12-12
1436,apple,2022-09-21,0.2,2022-12-12
1437,apple,2022-09-21,0.2,2022-12-12
1438,apple,2022-09-21,0.2,2022-12-12
1439,apple,2022-09-21,0.2,2022-12-12
1440,apple,2022-09-21,0.2,2022-12-12
1441,apple,2022-09-21,0.2,2022-12-12
1442,apple,2022-09-21,0.2,2022-12-12
1443,apple,2022-09-21,0.2,2022-12-12
1444,apple,2022-09-21,0.2,2022-12-12
1445,apple,2022-09-21,0.2,2022-12-12
1446,apple,2022-09-21,0.2,2022-12-12
1447,apple,2022-09-21,0.2,2022-12-12
1448,apple,2022-09-21,0.2,2022-12-12
1449,apple,2022-09-21,0.2,2022-12-12
1450,apple,2022-09-21,0.2,2022-12-12
1451,apple,2022-09-21,0.2,2022-12-12
1452,apple,2022-09-21,0.2,2022-12-12
1453,apple,2022-09-21,0.2,2022-12-12
1454,apple,2022-09-21,0.2,2022-12-12
1455,apple,2022-09-21,0.2,2022-12-12
1456,apple,2022-09-21,0.2,2022-12-12
1457,apple,2022-09-21,0.2,2022-12-12
1458,apple,2022-09-21,0.2,2022-12-12
1459,apple,2022-09-21,0.2,2022-12-12
1460,apple,2022-09-21,0.2,2022-12-12
1461,apple,2022-09-21,0.2,2022-12-12
1462,apple,2022-09-21,0.2,2022-12-12
1463,apple,2022-09-21,0.2,2022-12-12
1464,apple,2022-09-21,0.2,2022-12-12
1465,apple,2022-09-21,0.2,2022-12-12
1466,apple,2022-09-21,0.2,2022-12-12
1467,potato,2022-09-23,0.15,2023-09-23
1468,potato,2022-09-23,0.15,2023-09-23
1469,potato,2022-09-23,0.15,2023-09-23
1470,potato,2022-09-23,0.15,2023-09-23
1471,potato,2022-09-23,0.15,2023-09-23
1472,potato,2022-09-23,0.15,2023-09-23
1473,potato,2022-09-23,0.15,2023-09-23
1474,potato,2022-09-23,0.15,2023-09-23
1475,potato,2022-09-23,0.15,2023-09-23
1476,potato,2022-09-23,0.15,2023-09-23
1477,potato,2022-09-23,0.15,2023-09-23
1478,potato,2022-09-23,0.15,2023-09-23
1479,potato,2022-09-23,0.15,2023-09-23
1480,potato,2022-09-23,0.15,2023-09-23
1481,potato,2022-09-23,0.15,2023-09-23
1482,potato,2022-09-23,0.15,2023-09-23
1483,potato,2022-09-23,0.15,2023-09-23
1484,potato,2022-09-23,0.15,2023-09-23
1485,potato,2022-09-23,0.15,2023-09-23
1486,potato,2022-09-23,0.15,2023-09-23
1487,potato,2022-09-23,0.15,2023-09-23
1488,potato,2022-09-23,0.15,2023-09-23
1489,potato,2022-09-23,0.15,2023-09-23
1490,potato,2022-09-23,0.15,2023-09-23
1491,potato,2022-09-23,0.15,2023-09-23
1492,potato,2022-09-23,0.15,2023-09-23
1493,potato,2022-09-23,0.15,2023-09-23
1494,potato,2022-09-23,0.15,2023-09-23
1495,potato,2022-09-23,0.15,2023-09-23
1496,potato,2022-09-23,0.15,2023-09-23
1497,potato,2022-09-23,0.15,2023-09-23
1498,potato,2022-09-23,0.15,2023-09-23
1499,potato,2022-09-23,0.15,2023-09-23
1500,potato,2022-09-23,0.15,2023-09-23
1501,potato,2022-09-23,0.15,2023-09-23
1502,potato,2022-09-23,0.15,2023-09-23
1503,potato,2022-09-23,0.15,2023-09-23
1504,potato,2022-09-23,0.15,2023-09-23
1505,potato,2022-09-23,0.15,2023-09-23
1506,potato,2022-09-23,0.15,2023-09-23
1507,potato,2022-09-23,0.15,2023-09-23
1508,potato,2022-09-23,0.15,2023-09-23
1509,potato,2022-09-23,0.15,2023-09-23
1510,potato,2022-09-23,0.15,2023-09-23
1511,potato,2022-09-23,0.15,2023-09-23
1512,potato,2022-09-23,0.15,2023-09-23
1513,potato,2022-09-23,0.15,2023-09-23
1514,potato,2022-09-23,0.15,2023-09-23
1515,potato,2022-09-23,0.15,2023-09-23
1516,potato,2022-09-23,0.15,2023-09-23
1517,potato,2022-09-23,0.15,2023-09-23
1518,potato,2022-09-23,0.15,2023-09-23
1519,potato,2022-09-23,0.15,2023-09-23
1520,potato,2022-09-23,0.15,2023-09-23
1521,potato,2022-09-23,0.15,2023-09-23
1522,potato,2022-09-23,0.15,2023-09-23
1523,potato,2022-09-23,0.15,2023-09-23
1524,potato,2022-09-23,0.15,2023-09-23
1525,potato,2022-09-23,0.15,2023-09-23
1526,potato,2022-09-23,0.15,2023-09-23
1527,potato,2022-09-23,0.15,2023-09-23
1528,potato,2022-09-23,0.15,2023-09-23
1529,potato,2022-09-23,0.15,2023-09-23
1530,potato,2022-09-23,0.15,2023-09-23
1531,potato,2022-09-23,0.15,2023-09-23
1532,potato,2022-09-23,0.15,2023-09-23
1533,potato,2022-09-23,0.15,2023-09-23
1534,potato,2022-09-23,0.15,2023-09-23
1535,potato,2022-09-23,0.15,2023-09-23
1536,potato,2022-09-23,0.15,2023-09-23
1537,potato,2022-09-23,0.15,2023-09-23
1538,potato,2022-09-23,0.15,2023-09-23
1539,potato,2022-09-23,0.15,2023-09-23
1540,potato,2022-09-23,0.15,2023-09-23
1541,potato,2022-09-23,0.15,2023-09-23
1542,potato,2022-09-23,0.15,2023-09-23
1543,potato,2022-09-23,0.15,2023-09-23
1544,potato,2022-09-23,0.15,2023-09-23
1545,potato,2022-09-23,0.15,2023-09-23
1546,potato,2022-09-23,0.15,2023-09-23
1547,potato,2022-09-23,0.15,2023-09-23
1548,potato,2022-09-23,0.15,2023-09-23
1549,potato,2022-09-23,0.15,2023-09-23
1550,potato,2022-09-23,0.15,2023-09-23
1551,potato,2022-09-23,0.15,2023-09-23
1552,potato,2022-09-23,0.15,2023-09-23
1553,potato,2022-09-23,0.15,2023-09-23
1554,potato,2022-09-23,0.15,2023-09-23
1555,potato,2022-09-23,0.15,2023-09-23
1556,potato,2022-09-23,0.15,2023-09-23
1557,potato,2022-09-23,0.15,2023-09-23
1558,potato,2022-09-23,0.15,2023-09-23
1559,potato,2022-09-23,0.15,2023-09-23
1560,potato,2022-09-23,0.15,2023-09-23
1561,potato,2022-09-23,0.15,2023-09-23
1562,potato,2022-09-23,0.15,2023-09-23
1563,potato,2022-09-23,0.15,2023-09-23
1564,potato,2022-09-23,0.15,2023-09-23
1565,potato,2022-09-23,0.15,2023-09-23
1566,potato,2022-09-23,0.15,2023-09-23
1567,cheese,2022-09-23,7.0,2023-09-23
1568,cheese,2022-09-23,7.0,2023-09-23
1569,cheese,2022-09-23,7.0,2023-09-23
1570,cheese,2022-09-23,7.0,2023-09-23
1571,cheese,2022-09-23,7.0,2023-09-23
1572,cheese,2022-09-23,7.0,2023-09-23
1573,cheese,2022-09-23,7.0,2023-09-23
1574,cheese,2022-09-23,7.0,2023-09-23
1575,cheese,2022-09-23,7.0,2023-09-23
1576,cheese,2022-09-23,7.0,2023-09-23
1577,cheese,2022-09-23,7.0,2023-09-23
1578,cheese,2022-09-23,7.0,2023-09-23
1579,cheese,2022-09-23,7.0,2023-09-23
1580,cheese,2022-09-23,7.0,2023-09-23
1581,cheese,2022-09-23,7.0,2023-09-23
1582,cheese,2022-09-23,7.0,2023-09-23
1583,cheese,2022-09-23,7.0,2023-09-23
1584,cheese,2022-09-23,7.0,2023-09-23
1585,cheese,2022-09-23,7.0,2023-09-23
1586,cheese,2022-09-23,7.0,2023-09-23
1587,cheese,2022-09-23,7.0,2023-09-23
1588,cheese,2022-09-23,7.0,2023-09-23
1589,cheese,2022-09-23,7.0,2023-09-23
1590,cheese,2022-09-23,7.0,2023-09-23
1591,cheese,2022-09-23,7.0,2023-09-23
1592,cheese,2022-09-23,7.0,2023-09-23
1593,cheese,2022-09-23,7.0,2023-09-23
1594,cheese,2022-09-23,7.0,2023-09-23
1595,cheese,2022-09-23,7.0,2023-09-23
1596,cheese,2022-09-23,7.0,2023-09-23
1597,cheese,2022-09-23,7.0,2023-09-23
1598,cheese,2022-09-23,7.0,2023-09-23
1599,cheese,2022-09-23,7.0,2023-09-23
1600,cheese,2022-09-23,7.0,2023-09-23
1601,cheese,2022-09-23,7.0,2023-09-23
1602,cheese,2022-09-23,7.0,2023-09-23
1603,cheese,2022-09-23,7.0,2023-09-23
1604,cheese,2022-09-23,7.0,2023-09-23
1605,cheese,2022-09-23,7.0,2023-09-23
1606,cheese,2022-09-23,7.0,2023-09-23
1607,cheese,2022-09-23,7.0,2023-09-23
1608,cheese,2022-09-23,7.0,2023-09-23
1609,cheese,2022-09-23,7.0,2023-09-23
1610,cheese,2022-09-23,7.0,2023-09-23
1611,cheese,2022-09-23,7.0,2023-09-23
1612,cheese,2022-09-23,7.0,2023-09-23
1613,cheese,2022-09-23,7.0,2023-09-23
1614,cheese,2022-09-23,7.0,2023-09-23
1615,cheese,2022-09-23,7.0,2023-09-23
1616,cheese,2022-09-23,7.0,2023-09-23
1617,cheese,2022-09-23,7.0,2023-09-23
1618,cheese,2022-09-23,7.0,2023-09-23
1619,cheese,2022-09-23,7.0,2023-09-23
1620,cheese,2022-09-23,7.0,2023-09-23
1621,cheese,2022-09-23,7.0,2023-09-23
1622,cheese,2022-09-23,7.0,2023-09-23
1623,cheese,2022-09-23,7.0,2023-09-23
1624,cheese,2022-09-23,7.0,2023-09-23
1625,cheese,2022-09-23,7.0,2023-09-23
1626,cheese,2022-09-23,7.0,2023-09-23
1627,egg,2022-09-23,0.05,2022-10-23
1628,egg,2022-09-23,0.05,2022-10-23
1629,egg,2022-09-23,0.05,2022-10-23
1630,egg,2022-09-23,0.05,2022-10-23
1631,egg,2022-09-23,0.05,2022-10-23
1632,egg,2022-09-23,0.05,2022-10-23
1633,egg,2022-09-23,0.05,2022-10-23
1634,egg,2022-09-23,0.05,2022-10-23
1635,egg,2022-09-23,0.05,2022-10-23
1636,egg,2022-09-23,0.05,2022-10-23
1637,egg,2022-09-23,0.05,2022-10-23
1638,egg,2022-09-23,0.05,2022-10-23
1639,egg,2022-09-23,0.05,2022-10-23
1640,egg,2022-09-23,0.05,2022-10-23
1641,egg,2022-09-23,0.05,2022-10-23
1642,egg,2022-09-23,0.05,2022-10-23
1643,egg,2022-09-23,0.05,2022-10-23
1644,egg,2022-09-23,0.05,2022-10-23
1645,egg,2022-09-23,0.05,2022-10-23
1646,egg,2022-09-23,0.05,2022-10-23
1647,egg,2022-09-23,0.05,2022-10-23
1648,egg,2022-09-23,0.05,2022-10-23
1649,egg,2022-09-23,0.05,2022-10-23
1650,egg,2022-09-23,0.05,2022-10-23
1651,egg,2022-09-23,0.05,2022-10-23
1652,egg,2022-09-23,0.05,2022-10-23
1653,egg,2022-09-23,0.05,2022-10-23
1654,egg,2022-09-23,0.05,2022-10-23
1655,egg,2022-09-23,0.05,2022-10-23
1656,egg,2022-09-23,0.05,2022-10-23
1657,egg,2022-09-23,0.05,2022-10-23
1658,egg,2022-09-23,0.05,2022-10-23
1659,egg,2022-09-23,0.05,2022-10-23
1660,egg,2022-09-23,0.05,2022-10-23
1661,egg,2022-09-23,0.05,2022-10-23
1662,egg,2022-09-23,0.05,2022-10-23
1663,egg,2022-09-23,0.05,2022-10-23
1664,egg,2022-09-23,0.05,2022-10-23
1665,egg,2022-09-23,0.05,2022-10-23
1666,egg,2022-09-23,0.05,2022-10-23
1667,egg,2022-09-23,0.05,2022-10-23
1668,egg,2022-09-23,0.05,2022-10-23
1669,egg,2022-09-23,0.05,2022-10-23
1670,egg,2022-09-23,0.05,2022-10-23
1671,egg,2022-09-23,0.05,2022-10-23
1672,egg,2022-09-23,0.05,2022-10-23
1673,egg,2022-09-23,0.05,2022-10-23
1674,egg,2022-09-23,0.05,2022-10-23
1675,egg,2022-09-23,0.05,2022-10-23
1676,egg,2022-09-23,0.05,2022-10-23
1677,egg,2022-09-23,0.05,2022-10-23
1678,egg,2022-09-23,0.05,2022-10-23
1679,egg,2022-09-23,0.05,2022-10-23
1680,egg,2022-09-23,0.05,2022-10-23
1681,egg,2022-09-23,0.05,2022-10-23
1682,egg,2022-09-23,0.05,2022-10-23
1683,egg,2022-09-23,0.05,2022-10-23
1684,egg,2022-09-23,0.05,2022-10-23
1685,egg,2022-09-23,0.05,2022-10-23
1686,egg,2022-09-23,0.05,2022-10-23
1687,coffee,2022-09-23,0.89,2023-10-23
1688,coffee,2022-09-23,0.89,2023-10-23
1689,coffee,2022-09-23,0.89,2023-10-23
1690,coffee,2022-09-23,0.89,2023-10-23
1691,coffee,2022-09-23,0.89,2023-10-23
1692,coffee,2022-09-23,0.89,2023-10-23
1693,coffee,2022-09-23,0.89,2023-10-23
1694,coffee,2022-09-23,0.89,2023-10-23
1695,coffee,2022-09-23,0.89,2023-10-23
1696,coffee,2022-09-23,0.89,2023-10-23
1697,coffee,2022-09-23,0.89,2023-10-23
1698,coffee,2022-09-23,0.89,2023-10-23
1699,coffee,2022-09-23,0.89,2023-10-23
1700,coffee,2022-09-23,0.89,2023-10-23
1701,coffee,2022-09-23,0.89,2023-10-23
1702,coffee,2022-09-23,0.89,2023-10-23
1703,coffee,2022-09-23,0.89,2023-10-23
1704,coffee,2022-09-23,0.89,2023-10-23
1705,coffee,2022-09-23,0.89,2023-10-23
1706,coffee,2022-09-23,0.89,2023-10-23
1707,coffee,2022-09-23,0.89,2023-10-23
1708,coffee,2022-09-23,0.89,2023-10-23
1709,coffee,2022-09-23,0.89,2023-10-23
1710,coffee,2022-09-23,0.89,2023-10-23
1711,coffee,2022-09-23,0.89,2023-10-23
1712,coffee,2022-09-23,0.89,2023-10-23
1713,coffee,2022-09-23,0.89,2023-10-23
1714,coffee,2022-09-23,0.89,2023-10-23
1715,coffee,2022-09-23,0.89,2023-10-23
1716,coffee,2022-09-23,0.89,2023-10-23
1717,coffee,2022-09-23,0.89,2023-10-23
1718,coffee,2022-09-23,0.89,2023-10-23
1719,coffee,2022-09-23,0.89,2023-10-23
1720,coffee,2022-09-23,0.89,2023-10-23
1721,coffee,2022-09-23,0.89,2023-10-23
1722,coffee,2022-09-23,0.89,2023-10-23
1723,coffee,2022-09-23,0.89,2023-10-23
1724,coffee,2022-09-23,0.89,2023-10-23
1725,coffee,2022-09-23,0.89,2023-10-23
1726,coffee,2022-09-23,0.89,2023-10-23
1727,coffee,2022-09-23,0.89,2023-10-23
1728,coffee,2022-09-23,0.89,2023-10-23
1729,coffee,2022-09-23,0.89,2023-10-23
1730,coffee,2022-09-23,0.89,2023-10-23
1731,coffee,2022-09-23,0.89,2023-10-23
1732,coffee,2022-09-23,0.89,2023-10-23
1733,coffee,2022-09-23,0.89,2023-10-23
1734,coffee,2022-09-23,0.89,2023-10-23
1735,coffee,2022-09-23,0.89,2023-10-23
1736,coffee,2022-09-23,0.89,2023-10-23
1737,coffee,2022-09-23,0.89,2023-10-23
1738,coffee,2022-09-23,0.89,2023-10-23
1739,coffee,2022-09-23,0.89,2023-10-23
1740,coffee,2022-09-23,0.89,2023-10-23
1741,coffee,2022-09-23,0.89,2023-10-23
1742,coffee,2022-09-23,0.89,2023-10-23
1743,coffee,2022-09-23,0.89,2023-10-23
1744,coffee,2022-09-23,0.89,2023-10-23
1745,coffee,2022-09-23,0.89,2023-10-23
1746,coffee,2022-09-23,0.89,2023-10-23
1747,coffee,2022-09-23,0.89,2023-10-23
1748,coffee,2022-09-23,0.89,2023-10-23
1749,coffee,2022-09-23,0.89,2023-10-23
1750,coffee,2022-09-23,0.89,2023-10-23
1751,coffee,2022-09-23,0.89,2023-10-23
1752,coffee,2022-09-23,0.89,2023-10-23
1753,coffee,2022-09-23,0.89,2023-10-23
1754,coffee,2022-09-23,0.89,2023-10-23
1755,coffee,2022-09-23,0.89,2023-10-23
1756,coffee,2022-09-23,0.89,2023-10-23
1757,coffee,2022-09-23,0.89,2023-10-23
1758,coffee,2022-09-23,0.89,2023-10-23
1759,coffee,2022-09-23,0.89,2023-10-23
1760,coffee,2022-09-23,0.89,2023-10-23
1761,coffee,2022-09-23,0.89,2023-10-23
1762,coffee,2022-09-23,0.89,2023-10-23
1763,coffee,2022-09-23,0.89,2023-10-23
1764,coffee,2022-09-23,0.89,2023-10-23
1765,coffee,2022-09-23,0.89,2023-10-23
1766,coffee,2022-09-23,0.89,2023-10-23
1767,coffee,2022-09-23,0.89,2023-10-23
1768,coffee,2022-09-23,0.89,2023-10-23
1769,coffee,2022-09-23,0.89,2023-10-23
1770,coffee,2022-09-23,0.89,2023-10-23
1771,coffee,2022-09-23,0.89,2023-10-23
1772,coffee,2022-09-23,0.89,2023-10-23
1773,coffee,2022-09-23,0.89,2023-10-23
1774,coffee,2022-09-23,0.89,2023-10-23
1775,coffee,2022-09-23,0.89,2023-10-23
1776,coffee,2022-09-23,0.89,2023-10-23
1777,coffee,2022-09-23,0.89,2023-10-23
1778,coffee,2022-09-23,0.89,2023-10-23
1779,coffee,2022-09-23,0.89,2023-10-23
1780,coffee,2022-09-23,0.89,2023-10-23
1781,coffee,2022-09-23,0.89,2023-10-23
1782,coffee,2022-09-23,0.89,2023-10-23
1783,coffee,2022-09-23,0.89,2023-10-23
1784,coffee,2022-09-23,0.89,2023-10-23
1785,coffee,2022-09-23,0.89,2023-10-23
1786,coffee,2022-09-23,0.89,2023-10-23
1787,cookie,2022-10-03,0.25,2022-12-13
1788,cookie,2022-10-03,0.25,2022-12-13
1789,cookie,2022-10-03,0.25,2022-12-13
1790,cookie,2022-10-03,0.25,2022-12-13
1791,cookie,2022-10-03,0.25,2022-12-13
1792,cookie,2022-10-03,0.25,2022-12-13
1793,cookie,2022-10-03,0.25,2022-12-13
1794,cookie,2022-10-03,0.25,2022-12-13
1795,cookie,2022-10-03,0.25,2022-12-13
1796,cookie,2022-10-03,0.25,2022-12-13
1797,cookie,2022-10-03,0.25,2022-12-13
1798,cookie,2022-10-03,0.25,2022-12-13
1799,cookie,2022-10-03,0.25,2022-12-13
1800,cookie,2022-10-03,0.25,2022-12-13
1801,cookie,2022-10-03,0.25,2022-12-13
1802,cookie,2022-10-03,0.25,2022-12-13
1803,cookie,2022-10-03,0.25,2022-12-13
1804,cookie,2022-10-03,0.25,2022-12-13
1805,cookie,2022-10-03,0.25,2022-12-13
1806,cookie,2022-10-03,0.25,2022-12-13
1807,cookie,2022-10-03,0.25,2022-12-13
1808,cookie,2022-10-03,0.25,2022-12-13
1809,cookie,2022-10-03,0.25,2022-12-13
1810,cookie,2022-10-03,0.25,2022-12-13
1811,cookie,2022-10-03,0.25,2022-12-13
1812,cookie,2022-10-03,0.25,2022-12-13
1813,cookie,2022-10-03,0.25,2022-12-13
1814,cookie,2022-10-03,0.25,2022-12-13
1815,cookie,2022-10-03,0.25,2022-12-13
1816,cookie,2022-10-03,0.25,2022-12-13
1817,cookie,2022-10-03,0.25,2022-12-13
1818,cookie,2022-10-03,0.25,2022-12-13
1819,cookie,2022-10-03,0.25,2022-12-13
1820,cookie,2022-10-03,0.25,2022-12-13
1821,cookie,2022-10-03,0.25,2022-12-13
1822,cookie,2022-10-03,0.25,2022-12-13
1823,cookie,2022-10-03,0.25,2022-12-13
1824,cookie,2022-10-03,0.25,2022-12-13
1825,cookie,2022-10-03,0.25,2022-12-13
1826,cookie,2022-10-03,0.25,2022-12-13
1827,cookie,2022-10-03,0.25,2022-12-13
1828,cookie,2022-10-03,0.25,2022-12-13
1829,cookie,2022-10-03,0.25,2022-12-13
1830,cookie,2022-10-03,0.25,2022-12-13
1831,cookie,2022-10-03,0.25,2022-12-13
1832,cookie,2022-10-03,0.25,2022-12-13
1833,cookie,2022-10-03,0.25,2022-12-13
1834,cookie,2022-10-03,0.25,2022-12-13
1835,cookie,2022-10-03,0.25,2022-12-13
1836,cookie,2022-10-03,0.25,2022-12-13
1837,cookie,2022-10-03,0.25,2022-12-13
1838,beer,2022-10-03,0.75,2022-12-31
1839,beer,2022-10-03,0.75,2022-12-31
1840,beer,2022-10-03,0.75,2022-12-31
1841,beer,2022-10-03,0.75,2022-12-31
1842,beer,2022-10-03,0.75,2022-12-31
1843,beer,2022-10-03,0.75,2022-12-31
1844,beer,2022-10-03,0.75,2022-12-31
1845,beer,2022-10-03,0.75,2022-12-31
1846,beer,2022-10-03,0.75,2022-12-31
1847,beer,2022-10-03,0.75,2022-12-31
1848,beer,2022-10-03,0.75,2022-12-31
1849,beer,2022-10-03,0.75,2022-12-31
1850,beer,2022-10-03,0.75,2022-12-31
1851,beer,2022-10-03,0.75,2022-12-31
1852,beer,2022-10-03,0.75,2022-12-31
1853,beer,2022-10-03,0.75,2022-12-31
1854,beer,2022-10-03,0.75,2022-12-31
1855,beer,2022-10-03,0.75,2022-12-31
1856,beer,2022-10-03,0.75,2022-12-31
1857,beer,2022-10-03,0.75,2022-12-31
1858,beer,2022-10-03,0.75,2022-12-31
1859,beer,2022-10-03,0.75,2022-12-31
1860,beer,2022-10-03,0.75,2022-12-31
1861,beer,2022-10-03,0.75,2022-12-31
1862,beer,2022-10-03,0.75,2022-12-31
1863,beer,2022-10-03,0.75,2022-12-31
1864,beer,2022-10-03,0.75,2022-12-31
1865,beer,2022-10-03,0.75,2022-12-31
1866,beer,2022-10-03,0.75,2022-12-31
1867,beer,2022-10-03,0.75,2022-12-31
1868,beer,2022-10-03,0.75,2022-12-31
1869,beer,2022-10-03,0.75,2022-12-31
1870,beer,2022-10-03,0.75,2022-12-31
1871,beer,2022-10-03,0.75,2022-12-31
1872,beer,2022-10-03,0.75,2022-12-31
1873,beer,2022-10-03,0.75,2022-12-31
1874,beer,2022-10-03,0.75,2022-12-31
1875,beer,2022-10-03,0.75,2022-12-31
1876,beer,2022-10-03,0.75,2022-12-31
1877,beer,2022-10-03,0.75,2022-12-31
1878,beer,2022-10-03,0.75,2022-12-31
1879,beer,2022-10-03,0.75,2022-12-31
1880,beer,2022-10-03,0.75,2022-12-31
1881,beer,2022-10-03,0.75,2022-12-31
1882,beer,2022-10-03,0.75,2022-12-31
1883,beer,2022-10-03,0.75,2022-12-31
1884,beer,2022-10-03,0.75,2022-12-31
1885,beer,2022-10-03,0.75,2022-12-31
1886,beer,2022-10-03,0.75,2022-12-31
1887,beer,2022-10-03,0.75,2022-12-31
1888,beer,2022-10-03,0.75,2022-12-31
1889,beer,2022-10-03,0.75,2022-12-31
1890,beer,2022-10-03,0.75,2022-12-31
1891,beer,2022-10-03,0.75,2022-12-31
1892,beer,2022-10-03,0.75,2022-12-31
1893,beer,2022-10-03,0.75,2022-12-31
1894,beer,2022-10-03,0.75,2022-12-31
1895,beer,2022-10-03,0.75,2022-12-31
1896,beer,2022-10-03,0.75,2022-12-31
1897,beer,2022-10-03,0.75,2022-12-31
1898,beer,2022-10-03,0.75,2022-12-31
1899,beer,2022-10-03,0.75,2022-12-31
1900,beer,2022-10-03,0.75,2022-12-31
1901,beer,2022-10-03,0.75,2022-12-31
1902,beer,2022-10-03,0.75,2022-12-31
1903,beer,2022-10-03,0.75,2022-12-31
1904,beer,2022-10-03,0.75,2022-12-31
1905,beer,2022-10-03,0.75,2022-12-31
1906,beer,2022-10-03,0.75,2022-12-31
1907,beer,2022-10-03,0.75,2022-12-31
1908,beer,2022-10-03,0.75,2022-12-31
1909,beer,2022-10-03,0.75,2022-12-31
1910,beer,2022-10-03,0.75,2022-12-31
1911,beer,2022-10-03,0.75,2022-12-31
1912,beer,2022-10-03,0.75,2022-12-31
1913,beer,2022-10-03,0.75,2022-12-31
1914,beer,2022-10-03,0.75,2022-12-31
1915,beer,2022-10-03,0.75,2022-12-31
1916,beer,2022-10-03,0.75,2022-12-31
1917,beer,2022-10-03,0.75,2022-12-31
1918,beer,2022-10-03,0.75,2022-12-31
1919,beer,2022-10-03,0.75,2022-12-31
1920,beer,2022-10-03,0.75,2022-12-31
1921,beer,2022-10-03,0.75,2022-12-31
1922,beer,2022-10-03,0.75,2022-12-31
1923,beer,2022-10-03,0.75,2022-12-31
1924,beer,2022-10-03,0.75,2022-12-31
1925,beer,2022-10-03,0.75,2022-12-31
1926,beer,2022-10-03,0.75,2022-12-31
1927,beer,2022-10-03,0.75,2022-12-31
